ID,Publication Title,Document Type,Object Identifier,OpenAcess,Affiliation,Provenance,Year,Authors,Language,Publisher,Keywords,Journal,Volume,Book,Abstract,Coverage,SpecificSiteID,Area,IDpub,IDJ,IDV,IDB
PUB_00001,"La fondation du culte du Devaraja. Danse, sacrifice et royaute au Prasat Thom de Koh Ker",Article,https://doi.org/10.3406/crai.2011.93294,Y,Academie des Inscriptions et Belles-Lettres,France,2011,Eric Bourdonneau,French,Academie des inscriptions et belles-lettres,,Comptes rendus des seances de l'Academie des Inscriptions et Belles-Lettres,"Volume 155,  Issue 3",,,UNESCO_04,SITE_00081,"Religion History, History",PUB_00001,JNL_00024,J24_VOL155_I3,
PUB_00002,"Preah Vihear, une valeur universelle et exceptionnelle",Article,https://doi.org/10.3406/crai.2011.93293,Y,Ministry of Culture and Fine Arts of Cambodia,Cambodia,2011,Chuch Phoeurn,French,Academie des inscriptions et belles-lettres,,Comptes rendus des seances de l'Academie des Inscriptions et Belles-Lettres,"Volume 155,  Issue 3",,,UNESCO_02,SITE_00113,"History, Geography",PUB_00002,JNL_00024,J24_VOL155_I3,
PUB_00003,"Compte rendu des travaux archéologiques réalisés au Cambodge, fouilles de Sambor Prei Kuk et le dégagement du Prah Khan",Article,https://doi.org/10.3406/crai.1930.75899,Y,Ecole Francaise d'Extreme-Orient,France,1930,Victor Gouloubew,French,Academie des inscriptions et belles-lettres,,Comptes rendus des seances de l'Academie des Inscriptions et Belles-Lettres,"Volume 74,  Issue 2",,,UNESCO_03,,Archaeology,PUB_00003,JNL_00024,J24_VOL74_I2,
PUB_00004,Early mainland Southeast Asian landscapes in the first millennium AD,Review Article,https://doi.org/10.1146/annurev.anthro.35.081705.123157,N,University of Hawaii,United States of America,2006,Miriam T Stark,English,ANNUAL REVIEWS,"Southeast Asia, early states, archaeology, complexity",Annual Review of Anthropology,Volume 35,,"Southeast Asia's earliest states emerged during the first millennium from the Irawaddy River of Myanmar to the Red River delta of northern Vietnam. Developments during this time laid the ground-work for the florescence of the region's later and better-knowii civilizations such as Angkor and Pagan. Yet disciplinary and language barriers have thus far precluded an anthropological synthesis of cultural developments during this time. This review uses a landscape focus to synthesize current knowledge of mainland Southeast Asia's earliest states, which emerged in the first millennium A.D. Research from archaeology and history illuminates articulations between physical and social factors in several kinds of Early Southeast Asian landscapes: economic, urban, and political. Social and ideological forces that shaped these first-millennium-A.D. landscapes are discussed as integral aspects of early state formation.",UNESCO_01,,Anthropology,PUB_00004,JNL_00093,J93_VOL35,
PUB_00005,Artists and Ateliers: Khmer Decorative Lintels of the Ninth and Tenth Centuries,Article,,Y,University of Sydney,Australia,2007,Martin Polkinghorne,English,APSARA National Authority,,Udaya Journal of Khmer Studies,Number 8,,,"UNESCO_04, UNESCO_01","SITE_00002, SITE_00022, SITE_00023, SITE_00019, SITE_00081, SITE_00081, SITE_00101, SITE_00107","Art, Architecture",PUB_00005,JNL_00089,J89_NUMB8,
PUB_00006,Evidence of Sandstone Usage for Sculpture During the Khmer Empire in Cambodia Through Petrographic Analysis,Article,,Y,"Smithsonian Institution1, Metropolitan Museum of Art2, University of California3",United States of America,2010,"Janet G Douglas1, Federico Caro2, Christian Fischer3",English,APSARA National Authority,,Udaya Journal of Khmer Studies,Number 9,,,UNESCO_04,"OBJ_00094, OBJ_00183, ","Art, Archaeometry, Geology, Conservation Science",PUB_00006,JNL_00089,J89_NUMB9,
PUB_00007,Images de l’idéologie royale khmère aux frontons du temple d’Īśvarapura (967 ap. J.-C.). Nouvelles hypothèses,Article,https://doi.org/10.3406/hista.1998.2794,N,Ecole Francaise d'Extreme-Orient,France,1998,Sharon Alvares,French,Association des professeurs d'archéologie et d'histoire de l'art des universités,"Cambodia, Isanapura temple (Banteay Srei), iconographie program, kingship, Durgā Mahisasuramardani, Devi-Mahatmya, Indra’s rain, the Khandhava’s fire, Mahâbharata",Histoire de l'art,Number 40-41,,"Built ca. 969, the well-known temple of Īśvarapura, dedicated to Śiva, is a masterpiece in its iconographie program devoted to kingship. The first part of this study discusses the identification of two pediments, placing them within the general sculptural program. The first, Durgā Mahisāspuramardani, unlike the Indian tradition, shows the devil buffalo, Mahisa, as he transforms into a man. The second, identified in 1929 as Indra’s rain, depicts, in fact, the fire of the Khândava forest as related in the Indian Adiparvan of the Mahâhhàrata, although it also refers to the Indonesian version of the Mahâhhàrata, composed in 10th century Java. Thus, while Durgā, placed in front of Śiva Tribhuvanarnesvara’s sanctuary, protects him, the significance of the Khandava’s fire appears to be the conquest of the world.",UNESCO_01,SITE_00002,"Archaeology, History, Religion History",PUB_00007,JNL_00040,J40_NUMB40_41,
PUB_00008,Preah Vihear Project: Obtaining 3D point-cloud data and its application to spatial distribution analysis of Khmer temples,Proceeding,https://doi.org/10.1145/3356991.3365473,N,"University of Tokyo1, Waseda University2",Japan,2019,"Mawo Kamakura1, Hikaru Ikuta1, Bo Zheng1, Yoshihiro Sato1, Masataka Kagesawa1, Takeshi Oishi1, Kaoru Sezaki1, Takeshi Nakagawa2, Katsushi Ikeuchi1",English,Association for Computing Machinery,"e-heritage, point clouds, plane model segmentation",,,GeoHumanities '19: Proceedings of the 3rd ACM SIGSPATIAL International Workshop on Geospatial Humanities,"Preah Vihear Temple, a Hindu temple located on the border between Cambodia and Thailand, is under the need of digitization mainly because of two reasons: possible destruction of the temple, and its unique characteristics. While most of the archaeological sites from the Angkor Dynasty, such as Angkor Wat Temple and Bayon Temple, are oriented in the east-west direction, Preah Vihear Temple is one of the few archaeological sites to be oriented in the north-south direction. The first half of this paper reports the digitization project of Preah Vihear Temple. While it is possible to acquire 3D digital data of tangible cultural heritage by using existing methods, the size and location of the temple, which resides near a cliff, inhibits us from directly applying existing methods. This causes the need to design methods that are applicable for these environments. For the first time in the world, we have succeeded in acquiring 3D digital data of the entire Preah Vihear Temple, by specially designing both hardware and software that is suitable for our task. We report details of our method and present visualizations of the obtained 3D point-cloud data. The second half of this paper provides an example of an application of this 3D point-cloud data. As an example, we determine the direction of the central axis of Preah Vihear Temple using the obtained 3D point-cloud data. We also provide a hypothesis for an interpretation of the direction of the central axis by examining a Khmer legend, using the results obtained from the 3D point-cloud data.",UNESCO_02,SITE_00113,"Digital Humanities, Computer Science, Geography",PUB_00008,,,
PUB_00009,Identifying damaged areas inside a masonry monument using a combined interpretation of resistivity and ground-penetrating radar data,Article,https://doi.org/10.1071/EG14011,N,"Akita University1, University of Tokyo2, King Saud University3, Waseda University4","Japan124, Saudi Arabia3",2014,"Kyosuke Onishi1, Tomochika Tokunaga2, Yoshihiro Sugimoto2, Naoyuki Yamada2, Mohamed Metwaly3, Katsuro Mogib2, Ichita Shimoda4,Yoshinori Iwasaki4",English,Australian Society of Exploration Geophysicists,"archaeological survey, Bayon Complex, electrical exploration, ground-penetrating radar, groundwater channel",Exploration Geophysics,"Volume 45, Issue 3",,"The Bayon Complex in the Angkor heritage site, Cambodia, has been damaged by weathering. To plan its long-term preservation, it is essential to investigate its internal structure and the degree of damage within the masonry monument. This study shows results of ground-penetrating radar (GPR) and electrical exploration surveys, and an interpreted section of the internal structure and moisture distribution in the masonry monument. The GPR can detect boundaries between stone blocks and between stone blocks and compacted soil. Electrical resistivity can indicate moisture distribution with high reliability in combination with GPR sections. The top surface zone of the terrace structure of this monument is composed of three layers of stone blocks, and the zone below a depth of 55-60 cm is composed of compacted soil. Rainwater penetrates into the terrace through gaps between the stone blocks and drains from vertical walls through cavities in the top part of the compacted soil. Damaged areas are limited to a part of the terrace, and a large area has remained in good condition. This study shows that a combination of electrical resistivity and GPR data is useful for investigating the internal structures and classifying the degree of damage to old stone structures.",UNESCO_01,SITE_00014,"Geochemistry, Geophysics",PUB_00009,JNL_00032,J32_VOL45_I3,
PUB_00010,Applications of archaeological remote sensing in Cambodia: an overview of Angkor and beyond,Proceeding,ISBN 978 1 4073 0659 9,N,University of Sydney,Australia,2010,Damian Evans,English,BAR Publishing,"Angkor, Cambodia, landscape archaeology, hydraulic systems, urbanism, remote sensing",,,"Space, Time, Place: Third International Conference on Remote Sensing in Archaeology","Early Cambodian settlement sites provide excellent opportunities for aerial archaeology. Settlements were highly and consistently structured and can be identified from the air from their spatial patterning. Furthermore, remains of occupation and infrastructure can generally be found on the surface of the landscape, or are near enough to the surface to be identified by surface characteristics. After two decades of intensive and systematic remote sensing research at Cambodian archaeological sites, the contribution of aerial archaeology has been substantial. Not only has an enormous amount of new information been generated, but applications of remote sensing have provided the foundation for major multidisciplinary projects and have addressed important historical issues and debates. This paper summarises applications of remote sensing in archaeology at the site of Angkor undertaken by members of the Greater Angkor Project, and provides preliminary results for a range of ongoing studies at other early settlement sites in Cambodia including Banteay Chmar, Koh Ker, Preah Khan of Kompong Svay, Beng Melea and Sambor Prei Kuk.  ",UNESCO_04,"SITE_00082, SITE_00081, ","Archaeology, Remote Sensing",PUB_00010,,,
PUB_00011,Angkor vogue: Sculpted evidence of imported luxury textiles in the courts of kings and temples,Article,https://doi.org/10.1163/156852007783245025,N,University of Sydney,Australia,2007,Gillian Green,English,Brill,"Angkor, material culture, textiles",Journal of the Economic and Social History of the Orient,"Volume 50, Issue 4",,"Comparison of bas relief medallions at Angkor with medallion patterns on Chinese silk and Indian cotton textiles provides compelling evidence that fabrics from these regions were actually in use in the courts of Khmer kings. They served two purposes. One was as items of opulent palace decoration, this role transferred to stone temples, homes of the gods. Second, they represented a canopy or ceiling above a sacred space. Another group, here termed ``pseudomedallions,{''} is described and their function speculated on. While the original textiles at Angkor have long since disappeared, their representations in stone survive as a memorial to these practices.",UNESCO_01,,History,PUB_00011,JNL_00062,J62_VOL50_I4,
PUB_00012,Crime and Conflict: Temple Looting in Cambodia,Book Chapter,https://doi.org/10.1163/9789004280540_016,N,University of Glasgow,United Kingdom,2015,"Tess Davis, Simon Mackenzie",English,Brill,,,,Cultural Property Crime,,UNESCO_04,SITE_00088 ,"Criminology, Art",PUB_00012,,,BOOK_00002
PUB_00013,Historic routes to Angkor: development of the Khmer road system (ninth to thirteenth centuries AD) in mainland Southeast Asia,Article,https://doi.org/10.1017/S0003598X00066722,N,University of Sydney,Australia,2010,Mitch Hendrickson,English,Cambridge University Press,"Cambodia, Khmer, roads, routes, communications",Antiquity,"Volume 84, Issue 324",,"Road systems in the service of empires have long inspired archaeologists and ancient historians alike. Using etymology, textual analysis and archaeology the author deconstructs the road system of the Khmer, empire builders of early historic Cambodia. Far from being the creation of one king, the road system evolved organically to serve expeditions, pilgrimages and embedded exchange routes over several centuries. The paper encourages us to regard road networks as a significant topic, worthy of comparative study on a global scale.",UNESCO_01,,"Anthropology, Archaeology",PUB_00013,JNL_00005,J5_VOL84_I324,
PUB_00014,"Words across space and time: An analysis of lexical items in Khmer inscriptions, sixth-fourteenth centuries CE",Article,https://doi.org/10.1017/S0022463406000919,N,University of Sydney,Australia,2007,"Eileen Lustig , Damian Evans, Ngaire Richards",English,Cambridge University Press,,Journal of Southeast Asian Studies,"Volume 38, Issue 1",,"The study presents a relational database of words referring to material items and institutional processes in over 700 Pre-Angkorian and Angkorian inscriptions, from the sixth to the fourteenth centuries CE. The lexical items within the database have been spatially and temporally referenced, and a geographic information system (GIS) is used to show trends and anomalies over time and space in the distributions of temple sites, key items and materials, and the roles of the rulers, the founders, the donors and temple workers. The current study identifies changes in the socio-economic institutions and relationships within Khmer society through the Pre-Angkorian and into the Angkorian period in Cambodia.","UNESCO_01, UNESCO_04, UNESCO_02",,"Sociology, Philology",PUB_00014,JNL_00061,J61_VOL38_I1,
PUB_00015,Losing ground: Decline of Angkor's middle-level officials,Article,https://doi.org/10.1017/S0022463419000365,N,"Independent Researcher, University of Sydney2",Australia,2019,"Eileen Lustig1, Terry Lustig2",English,Cambridge University Press,,Journal of Southeast Asian Studies,"Volume 50, Issue 3",,"We argue in this article that the social and economic conditions in the Angkorian society of the tenth century or earlier contributed to the decline in status of some middle-level officials, as is evident from the mid-eleventh century. Many Angkorian inscriptions written between the late ninth and late twelfth centuries record purchases and donations of lands acquired for religious foundations. The texts often contain details of transactions and disputes seeking to validate title to these holdings. The buyers include middle-ranking lon and vap, and increasingly, higher-ranking officials. An analysis of the roles and activities of the officials reveals something of their relative status and helps explain the disappearance of vap from the inscriptions in the eleventh century, and the relegation of lon to temple roles by the twelfth century. The transfer of communal lands and lands owned by these officials to elites is attributed to hierarchical restrictions on land purchases, a reduction in fiscal immunities, and the need for taxes to be paid to the centre with high-value goods in Angkor's moneyless economy.",UNESCO_01,,"Sociology, History",PUB_00015,JNL_00061,J61_VOL50_I3,
PUB_00016,"The water management network of Angkor, Cambodia",Article,https://doi.org/10.1017/S0003598X00097295,N,"University of Sydney1, Ecole Francaise d'Extreme-Orient2, Aalto University3, APSARA National Authority4","Australia1, France2, Finland3, Cambodia4",2008,"Roland J Fletcher1, Dan Penny1, Damian Evans2, Christophe Pottier1, Mike Barbetti1, Matti Kummu3, Terry Lustig1, APSARA National Authority4",English,Cambridge University Press,"Cambodia, Angkor, Khmer, baray, water management, water ritual",Antiquity,"Volume 82, Issue 317",,"Meticulous survey of the banks, channels and reservoirs at Angkor shows them to have been part of a large scale water management network instigated in the ninth century AD. Water collected from the hills was stored and could have been distributed for a wide variety of purpose including flood control, agriculture and ritual while a system of overflows had a history carried surplus water away to the lake, the Tonle Sap, to the south. The network had a history of numerous additions and modifications. Earlier channels both distribution and disposed of water. From the twelfth century onwards the large new channels primarily disposed of water to the lake. The authors here present and document the latest definitive map of the water network of Angkor.",UNESCO_01,"SITE_00171, SITE_00170","Anthropology, Archaeology",PUB_00016,JNL_00005,J5_VOL82_I317,
PUB_00017,The hidden paintings of Angkor Wat,Article,https://doi.org/10.1017/S0003598X00101176,N,"Australian National University1, APSARA National Authority2","Australia1, Cambodia2",2014,"Noel Hidalgo Tan1 , Sokrithy Im2 , Heng Than2, Khieu Chan2",English,Cambridge University Press,"Angkor Wat, decorrelation stretch analysis, wall paintings, Ang Chan, Vishnu, Khmer, Theravada Buddhism",Antiquity,"Volume 88, Issue 340",,"The temple of Angkor Wat in Cambodia is one of the most famous monuments in the world and is noted for its spectacular bas-relief friezes depicting ceremonial and religious scenes. Recent work reported here has identified an entirely new series of images consisting of paintings of boats, animals, deities and buildings. Difficult to see with the naked eye, these can be enhanced by digital photography and decorrelation stretch analysis, a technique recently used with great success in rock art studies. The paintings found at Angkor Witt seem to belong to a specific phase of the temple's history in the sixteenth century AD when it was converted from a Vishnavaite Hindu use to Theravada Buddhist.",UNESCO_01,SITE_00030,"Anthropology, Archaeology",PUB_00017,JNL_00005,J5_VOL88_I340,
PUB_00018,New Dates for Old Kilns: A Revised Radiocarbon Chronology of Stoneware Production for Angkorian Cambodia,Article,https://doi.org/10.1017/RDC.2018.32,N,"University of New England1, Santa Clara University2, University of Hawaii3, APSARA National Authority4, Royal Academy of Cambodia5","Australia1, United States of America23, Cambodia45",2018,"Gary P Marriner1, Peter Grave1, Lisa Kealhofer2, Miriam T Stark3, Darith Ea4, Rachna Chhay4, Phon Kaseka5,Tan Boun Suy4",English,Cambridge University Press,"AMS dating, Angkor, ceramics, kiln production",Radiocarbon,"Volume 60, Issue 3",,"Radiocarbon dates from recent excavations of a range of Angkorian Khmer (similar to 9th-14th CE) stoneware kiln complexes provide a new and independent perspective on the timing and geography of Khmer ceramic production. These data demonstrate a clear two-phase sequence. The first, in the late 9th to late 12th centuries CE, marks a period of intensive production located both to the east of Angkor and to the south at Cheung Ek, south of Phnom Penh. A second shorter phase of production occurred in the late 13th to late 14th CE at more distant provincial settings following the collapse of the Angkorian state.",UNESCO_01,,"Geochemistry, Geophysics",PUB_00018,JNL_00077,J77_VOL60_I3,
PUB_00019,Bioarchaeological evidence for conflict in Iron Age north-west Cambodia,Article,https://doi.org/10.1017/S0003598X00067867,N,"James Cook University1, University of Sydney2, University of Otago3","Australia12, New Zealand3",2011,"Kate M Domett1 , Dougald JW O'Reilly2, Hallie R Buckley3",English,Cambridge University Press,"Cambodia, Angkor, Phum Snay, Iron Age, conflict, cemeteries",Antiquity,"Volume 85, Issue 328",,"Examination of skeletal material from graves at Phum Snay in north-west Cambodia revealed an exceptionally high number of injuries, especially to the head, likely to have been caused by interpersonal violence. The graves also contain a quantity of swords and other offensive weapons used in conflict. The authors propose a context for these warriors in the struggle between emergent polities in the Iron Age before the domination of Angkor.",UNESCO_01,,"Anthropology, Archaeology",PUB_00019,JNL_00005,J5_VOL85_I328,
PUB_00020,"Radiocarbon Dating of a Speleothem Record of Paleoclimate for Angkor, Cambodia",Article,https://doi.org/10.1017/RDC.2017.115,N,"Australian Nuclear Science and Technology Organisation1, Australian Catholic University2, University of Potsdam3, University of Sydney4, University of Glasgow5, University of Wollongong6","Australia1246, Germany3, United Kingdom5",2017,"Quan Hua1, Duncan Cook2, Jens Fohlmeister3, Dan Penny4, Paul Bishop5, Solomon Buckman6",English,Cambridge University Press,"Angkor, chronological construction, radiocarbon, Southeast Asia, tropical speleothems",Radiocarbon,"Volume 59,  Issue 6",,"We report the chronological construction for the top portion of a speleothem, PC1, from southern Cambodia with the aim of reconstructing a continuous high-resolution climate record covering the fluorescence and decline of the medieval Khmer kingdom and its capital at Angkor (similar to 9th-15th centuries AD). Earlier attempts to date PC1 by the standard U-Th method proved unsuccessful. We have therefore dated this speleothem using radiocarbon. Fifty carbonate samples along the growth axis of PC1 were collected for accelerator mass spectrometry (AMS) analysis. Chronological reconstruction for PC1 was achieved using two different approaches described by Hua et al. (2012a) and Lechleitner et al. (2016a). Excellent concordance between the two age-depth models indicates that the top similar to 47 mm of PC1 grew during the last millennium with a growth hiatus during similar to 1250-1650 AD, resulting from a large change in measured C-14 values at 34.4-35.2 mm depth. The timing of the growth hiatus covers the period of decades-long droughts during the 14th-16th centuries AD indicated in regional climate records.",UNESCO_01,,"Geochemistry, Geophysics",PUB_00194,JNL_00077,J77_VOL59_I6,
PUB_00021,"Vegetation and land-use at Angkor, Cambodia: a dated pollen sequence from the Bakong temple moat",Article,https://doi.org/10.1017/S0003598X00094060,N,"University of Sydney1, Ecole Francaise d'Extreme-Orient2, Australian Nuclear Science and Technology Organisation3","Australia13, France2",2006,"Dan Penny1 , Christophe Pottier2, Roland J Fletcher1 , Mike Barbetti1 , David Fink3, Quan Hua3",English,Cambridge University Press,"Angkor, Cambodia, Southeast Asia, palynology, Borassus, agriculture",Antiquity,"Volume 80, Issue 309",,"Investigating the use of land during the medieval period at the celebrated ceremonial area of Angkor, the authors took a soil column over 2.5m deep from the inner moat of the Bakong temple. The dated pollen sequence showed that the temple moat was dug in the eighth century AD and that the agriculture of the immediate area subsequently flourished. In the tenth century AD agriculture declined and the moat became choked with water-plants. It was at this time, according to historical documents, that a new centre at Phnom Bakeng was founded by Yasovarman I.",UNESCO_01,SITE_00022,"Anthropology, Archaeology",PUB_00021,JNL_00005,J5_VOL80_I309,
PUB_00022,Dancing architecture at Angkor: 'Halls with dancers' in Jayavarman VII's temples,Article,https://doi.org/10.1017/S0022463415000363,N,Benaras Hindu University,India,2015,Swati Chemburkar,English,Cambridge University Press,,Journal of Southeast Asian Studies,"Volume 46, Issue 3",,"The spiritual power of dance in Cambodia has been valued since pre-Angkorian times, and the plentiful images of dance and music in the bas-reliefs of the great monuments of Angkor suggest that this tradition was markedly enhanced in the reign of Jayavarman VII, as a contemporary Chinese report attests. This article explores the `halls with dancers' of the Ta Prohm, Preah Khan and Bayon temples built by king Jayavarman VII and concludes that here dance became a determinant in some Khmer sacred architecture.",UNESCO_01,"SITE_00055, SITE_00014, SITE_00038","Art, History, Architecture",PUB_00022,JNL_00061,J61_VOL46_I3,
PUB_00023,A dilemma of World Heritage ideals and challenges in Southeast Asia,Article,https://doi.org/10.1017/S094073912200025X,N,Waseda University,Japan,2022,Keiko Miura,English,Cambridge University Press,,International Journal of Cultural Property,"Volume 29, Issue 4",,"Fifty years after the ratification of the World Heritage Convention, we have come to learn that there is a huge discrepancy between the United Nations Educational, Scientific and Cultural Organization's (UNESCO) ideals of protecting heritage sites with outstanding universal values and unmatched realities in situ. I attempt to elucidate what World Heritage ideals of heritage protection are held in iconic sites in Southeast Asia. The studied sites are ancient monumental heritage sites of national importance - namely, Borobudur of Indonesia, Sukhothai and Ayutthaya of Thailand, and Angkor of Cambodia. The authorities in these countries have converted heritage sites into parks for visitors and for capitalization, which has placed authenticity and integrity at stake as well as converting the sites for contestation between the authorities and local communities. In order to solve the dilemma of the World Heritage ideals and their unwanted realities, I explore possible effective approaches for UNESCO and its partners to take into consideration.",UNESCO_01,,"Art, Public Administration, Law",PUB_00023,JNL_00044,J44_VOL29_I4,
PUB_00024,"AMS Radiocarbon Dating of Wood Samples from the Angkor Monuments, Cambodia",Article,https://doi.org/10.1017/S0033822200053534,N,Waseda University,Japan,2008,"Etsuo Uchida , Olivier Cunin, Ichita Shimoda, Yukinori Takubo,Takeshi Nakagawa",English,Cambridge University Press,,Radiocarbon,"Volume 50, Issue 3",,"In the Angkor monuments of Cambodia, pieces of wood remain (as head frames of doorways, crossbeams, ceiling boards, etc.) in the following 8 monuments: Bakong, Lolei, Baksei Chainkrong, North Khleang, Angkor Wat, Banteay Kdei, Bayou, and Gates of Angkor Thom. Accelerator mass spectrometry (AMS) radiocarbon dating carried Out on 15 wood samples collected from the above 8 monuments revealed that most of the wood samples are original, except for the head frame of a doorway in Baksei Chamkrong, the ceiling boards in the northwest tower. and a crossbeam with pivot hole in the southwest lower of the Inner Gallery of Angkor Wat. The (14)C age for the head frame of a doorway in the inner wall under the central tower of North Khleang supports the hypothesis that the inner walls are additions from a later period.",UNESCO_01,"SITE_00022, SITE_00069, SITE_00026, SITE_00036, SITE_00030, SITE_00003, SITE_00014, SITE_00052, SITE_00053, SITE_00054, SITE_00051","Geochemistry, Geophysics",PUB_00024,JNL_00077,J77_VOL50_I3,
PUB_00025,The Reign of Suryavarman I and Royal Factionalism at Angkor,Article,https://doi.org/10.1017/S0022463400008420,N,Universiti Sains Malaysia,Malaysia,1985,Michael Vickery,English,Cambridge University Press,,Journal of Southeast Asian Studies,"Volume 16, Issue 2",,"As the title implies, this paper deals with two questions which I believe may be related to one another in significant ways. The first is the rise to power of Sūryavarman I (1002–49), to which the present study is principally devoted, and the second is the dynamics of state and political development in Angkorean Cambodia, which will be illuminated by the discussion of Sūryavarman",UNESCO_01,,"History, Sociology",PUB_00025,JNL_00061,J61_VOL16_I2,
PUB_00026,The origins of the civilization of Angkor,Article,https://doi.org/10.1017/S0003598X00066059,N,University of Otago,New Zealand,2000,"Charles F W Higham, Rachanie Thosarat",English,Cambridge University Press,,Antiquity,"Volume 74, Issue 283",,,UNESCO_01,SITE_00037,"Anthropology, Archaeology",PUB_00026,JNL_00005,J5_VOL74_I283,
PUB_00027,From the Iron Age to Angkor: new light on the origins of a state,Article,https://doi.org/10.1017/S0003598X00050717,N,University of Otago,New Zealand,2014,Charles F W Higham,English,Cambridge University Press,"Angkor, Iron Age, kingship, social change, rice, plough, reservoirs, state origins",Antiquity,"Volume 88, Issue 341",,"Excavations at four Iron Age moated sites in the Mun Valley in Thailand have identified seminal innovations, defined as emergent properties, that illuminate the origins of the kingdom of Angkor. Combined with recent research at Angkor itself they present a compelling case for re-examining fundamental cultural changes that took place over a period of little more than four centuries, from AD 400-800. They compare with similarly rapid developments in Mesoamerica and Mesopotamia, fundamental parallels are evident in the role of charismatic agents for change, an ideology conferring god-like status on leaders, a new and highly productive economic base, an expanded interaction sphere for the exchange of prestige goods, and endemic warfare.",UNESCO_01,,"Anthropology, Archaeology",PUB_00027,JNL_00005,J5_VOL88_I341,
PUB_00028,The Long and Winding Road that Leads to Angkor,Article,https://doi.org/10.1017/S0959774312000261,N,University of Otago,New Zealand,2012,"Charles F W Higham, Rachanie Thosarat",English,Cambridge University Press,,Cambridge Archaeological Journal,"Volume 22, Issue 2",,"In the late sixteenth century, Portuguese missionaries encountered a vast city at Angkor. Abandoned for 150 years, it had been partially restored as a Buddhist piligrimage centre but many of the monuments had been given over to the forest. They wondered about its origins. Some suggested that it was the work of Trajan, others of Alexander the Great. Following the establishment of the French colonial empire in Southeast Asia three centuries later, and in the absence of any information on prehistoric societies, the civilization of Angkor was seen as the result of Indianization, whereby Indian religions, architecture, writing and language were adopted by the indigenous inhabitants. This article presents the results of twenty years of research in the upper Mun Valley of northeast Thailand, an area that was part of the Kingdom of Angkor and seat of the dynasty of two of its greatest kings, Suryavarman II and Jayavarman VII. For the first time, the entire prehistoric cultural sequence from late hunter-gatherers to the end of the Iron Age has been documented and dated. We find that after the ingress of rice farmers from southern China in the mid second millennium BC, there were two surges in social complexity. Both were coincidental with the availability of new exotic goods through exchange. The first took place in the initial Bronze Age, in the eleventh century BC, and was followed by several centuries of relative poverty in mortuary practices. The second took place in the late Iron Age and led directly to the foundation of powerful chiefdoms from which can be traced the genesis of early civilizations in Southeast Asia, including that of Angkor.",UNESCO_01,"SITE_00017, SITE_00168",Archaeology,PUB_00028,JNL_00022,J22_VOL22_I2,
PUB_00029,Invoking the Goddess along the Southern Silk Roads: a transregional survey of f Prajnaparamita protective texts,Article,https://doi.org/10.1017/S1356186324000014,N,Mahidol University,Thailand,2024,Francesco Bianchini,English,Cambridge University Press,"Monsoon Asia, maritime routes, Buddhism, mantra, Prajnaparamita",Journal of the Royal Asiatic Society,"Volume 34, Issue 4",,"This article brings together various textual materials relating to the worship of Praj and ntilde,and amacr,p and amacr,ramit and amacr, in mediaeval Monsoon Asia. In particular, it covers sources from South Asia, mainland Southeast Asia (Angkor), maritime Southeast Asia (Java and Bali), and Southern China (Yunnan). The aims of this critical survey are twofold. On the one hand, the article argues for the importance of ritual language within wider discussions on cultural and linguistic cosmopolitanism within and beyond the so-called `Sanskrit Cosmopolis'. These discussions have too often focused on royal epigraphic eulogies, neglecting religious literature. On the other hand, it highlights the key role of Praj and ntilde,and amacr,p and amacr,ramit and amacr, as a protective deity, and the transregional heritage of her invocatory texts. These texts strike one for their traditional choice of imagery and associations, thus reminding of the importance of exoteric traditions within the history of Southeast Asian Buddhism.",UNESCO_01,,"Religion History, Philology",PUB_00029,JNL_00064,J64_VOL34_I4,
PUB_00030,"Garuda, Vajrapani and religious change in Jayavarman VII's Angkor",Article,https://doi.org/10.1017/S0022463409000083,N,University of London,United Kingdom,2009,Peter D Sharrock,English,Cambridge University Press,,Journal of Southeast Asian Studies,"Volume 40, Issue 1",,"Ancient Cambodia turned definitively to state Buddhism under King Jayavarman VII at the end of the twelfth century, after four centuries of state Saivism. This paper explores the motivation behind this momentous change and tries to establish the means by which it was achieved. It uncovers signs of a very large, politically motivated campaign of tantric Buddhist initiations that required a significant overhaul of the king's temples and the creation of a new series of sacred icons.",UNESCO_01,"SITE_00023, SITE_00072, SITE_00014, SITE_00003, SITE_00038, SITE_00055","Religion History, Sociology",PUB_00030,JNL_00061,J61_VOL40_I1,
PUB_00031,"Relies, oaths and politics in thirteenth-century Siam",Review Article,https://doi.org/10.1017/S0022463401000017,N,Cornell University,United States of America,2001,David K Wyatt,English,Cambridge University Press,,Journal of Southeast Asian Studies,"Volume 32, Issue 1",,"Recent efforts have re-dated the Wat Bang Sanuk inscription to 1219, long before the Ram Khamhaeng inscription of 1292. Attempts to assess the implications force a re-thinking of Thai rebellion against Angkor by linking rebellion to religious thought, including especially the discovery and public show of relics of the Buddha.",UNESCO_01,,"Religion History, Sociology",PUB_00031,JNL_00061,J61_VOL32_I1,
PUB_00032,"Maritime influences in Southeast Asia, c. 900-1300: Some further thoughts",Article,https://doi.org/10.1017/S0022463410000299,N,University of Michigan,United States of America,2010,Victor Lieberman,English,Cambridge University Press,,Journal of Southeast Asian Studies,"Volume 41, Issue 3",,,UNESCO_01,,"History, Sociology",PUB_00032,JNL_00061,J61_VOL41_I3,
PUB_00033,"The Impact of Climate on Southeast Asia, circa 950-1820: New Findings",Article,https://doi.org/10.1017/S0026749X12000091,N,"University of Michigan1, Columbia University2",United States of America,2012,"Victor Lieberman1, Brendan M Buckley2",English,Cambridge University Press,,Modern Asian Studies,"Volume 46, Issue 5",,"The recent discovery of continuous tree-ring series starting as early as 1030 CE has for the first time made possible the reconstruction of historical climates for much of mainland Southeast Asia. Perhaps the most dramatic finding is that wide cyclic fluctuations in the reach and volume of monsoon rains contributed substantially to both the genesis and the collapse of the charter civilizations of Angkor, Pagan, and Dai Viet. From circa 1450-1820 climate continued to influence political and economic development, but its impact appears to have diminished both because the amplitude of hydrological fluctuations decreased markedly, and because new sources of power rendered early modern Southeast Asian states more resilient. A pioneering collaborative effort by a historian and a paleoclimatologist, this paper promises three benefits: It can help to solve a variety of local historiographic puzzles, it can facilitate construction of a synchronized historical narrative for mainland Southeast Asia as a whole, and it can aid comparisons between mainland Southeast Asia and other sectors of Eurasia.",UNESCO_01,,"Climatology, Geography",PUB_00033,JNL_00068,J68_VOL46_I5,
PUB_00034,Do mountains kill states? Exploring the diversity of Southeast Asian highland communities,Article,https://doi.org/10.1017/S1740022823000268,N,"University of Oxford1, Ecole Francaise d'Extreme-Orient2","United States of America1, France2",2024,"Michael Paul Leadbetter1, Wayan Jarrah Sastrawan2",English,Cambridge University Press,"highland, mountain, Southeast Asia, archaeology, history, environment",Journal of Global History,"Volume 19, Issue 2",,"Mountains and highlands are not what scholars have conventionally imagined them to be: environments that limit and constrain their inhabitants in deterministic ways. Rather, mountains and highlands provide unique opportunities for people to engage in creative transformation of their societies. Highland communities are connected to a wider world, and they radically remake and experiment with their landscapes, settlements, and societies. Mountains serve as birthplaces and testing grounds for statecraft, urbanism, irrigation, and monumental landscape engineering. Here we explore the diversity of highland communities by analysing the latest archaeological and historical discoveries from three regions across Southeast Asia: the Kulen mountains (Cambodia), the volcanoes of central Java (Indonesia), and the Ifugao highlands (the Philippines). We find that, far from being a negative image of the `civilized' lowlands, mountains were creative, diverse, dynamic, and well-connected places. This compels us to change the way we conceive of today's highland communities and their relationships to modern nation-states.",UNESCO_04,"SITE_00017, SITE_00082",History,PUB_00034,JNL_00058,J58_VOL19_I2,
PUB_00035,New insights into ‘les interminables listes nominatives d’esclaves’ from numerical analyses of the personnel in Angkorian inscriptions,Article,https://doi.org/10.3406/asean.2013.2272,Y,"Independent Researcher, University of Sydney2",Australia,2013,"Eileen Lustig1, Terry Lustig2",English,Cambridge University Press,,"Aseanie, Sciences humaines en Asie du Sud-Est",Volume 31,,,"UNESCO_04, UNESCO_01",,"Epigraphy, Social History",PUB_00035,JNL_00016,J16_VOL31,
PUB_00036,Mahendraparvata: an early Angkorperiod capital defined through airborne laser scanning at Phnom Kulen,Article,https://doi.org/10.15184/aqy.2019.133,Y,"Archaeology and Development Foundation1, Ecole Francaise d'Extreme-Orient2, APSARA National Authority5","United Kingdom1, France2, Cambodia5",2019,"Jean-Baptiste Chevance1, Damian Evans2, Nina Hofer2, Sakada Sakhoeun1, Ratha Chhean5",English,Cambridge University Press,"Southeast Asia, Angkor, Mahendraparvata, Khmer, lidar, urbanism",Antiquity,"Volume 93, Issue 371",,"Inscriptional evidence suggests that the Phnom Kulen plateau to the north-east of Angkor in Cambodia was the location of Mahendraparvata—an early Angkorian capital city and one of the first capitals of the Khmer Empire (ninth to fifteenth centuries AD). To date, however, archaeological evidence has been limited to a scatter of small and apparently isolated shrines. Here, the authors combine airborne laser scanning with ground-based survey to define an extended urban network dating from the ninth century AD, which they identify as Mahendraparvata. This research yields new and important insights into the emergence of Angkorian urban areas.",UNESCO_04,,"Archaeology, Remote Sensing",PUB_00036,JNL_00005,J5_VOL93_I371,
PUB_00037,Historic routes to Angkor: development of the Khmer road system (ninth to thirteenth centuries AD) in mainland Southeast Asia,Article,https://doi.org/10.1017/S0003598X00066722,N,University of Illinois,United States of America,2015,Mitch Hendrickson,English,Cambridge University Press,"Cambodia, Khmer, roads, routes, communications",Antiquity,"Volume 84, Issue 324",,"Road systems in the service of empires have long inspired archaeologists and ancient historians alike. Using etymology, textual analysis and archaeology the author deconstructs the road system of the Khmer, empire builders of early historic Cambodia. Far from being the creation of one king, the road system evolved organically to serve expeditions, pilgrimages and embedded exchange routes over several centuries. The paper encourages us to regard road networks as a significant topic, worthy of comparative study on a global scale.",UNESCO_04,,"Anthropology, History, Archaeology",PUB_00037,JNL_00005,J5_VOL84_I324,
PUB_00038,Narrating the national border: Cambodian state rhetoric vs popular discourse on the Preah Vihear conflict,Article,https://doi.org/10.1017/S0022463416000059,N,Australian National University,Australia,2016,Kimly Ngoun,English,Cambridge University Press,,Journal of Southeast Asian Studies,"Volume 47, Issue 2",,"Existing studies of the Thai-Cambodian conflict over the Khmer temple of Preah Vihear tend to focus on the historical and legal dimensions of the contested claims and on Thailand's role. This article examines the conflict from within Cambodia, through the rhetoric of the Cambodian state elites and the views of residents of Preah Vihear province. The state has endeavoured to create and propogate a view that development projects in this province are an expression of Khmer pride as well as important for nation-building and border defence. Residents of the border region, however, view such nationalist discourse through their everyday experiences, giving local meaning to terms such as development, nation and heritage.",UNESCO_02,SITE_00113,Anthropology,PUB_00038,JNL_00061,J61_VOL47_I2,
PUB_00039,"Article 60 ICJ Statute, Interpretation Proceedings, and the Competing Concepts of Res Judicata",Article,https://doi.org/10.1017/S0922156514000545,N,Eberhard Karls University of Tubingen,Germany,2015,Andreas Kulick,English,Cambridge University Press,"Article 60 and Article 36 of the ICJ Statute, competing concepts, interpretation proceedings, res judicata, Temple case",Leiden Journal of International Law,Volume 28 Issue 1,,"The judgment of the International Court of Justice (ICJ) of 11 November 2013, interpreting its 1962 judgment in the case concerning the Temple of Preah Vihear, inspires a reconsideration of the role of interpretation proceedings pursuant to Article 60 of the Statute of the Court. In particular, it invites us to take a closer look at the role and scope of the principle of res judicata in public international law in general and as considered in the case law of the Court in particular. This contribution reveals the competing concepts of the principle in interpretation and consecutive original contentious proceedings, and promotes instead a uniform concept that avoids the conflict inherent in current approaches. Section 1 introduces Article 60 of the ICJ Statute (section 1.1.) and there in after views interpretation proceedings before the Court in light of the Court's case law, in particular its 2013 interpretation judgment in the Temple case (section 1.2.). Section 2 constitutes the heart of the analysis and discusses what will be identified as the competing concepts of res judicata. Section 2.1. presents the functions, concepts, and case law of res judicata in public international law in general, whereas section 2.2. focuses specifically on the case law of the ICJ and the Permanent Court of International Justice (PCIJ) in this regard. Finally, section 2.3. concludes this study by setting out the approach that the author regards as appropriate to reconcile the competing concepts of res judicata.",UNESCO_02,SITE_00113,Law,PUB_00039,JNL_00066,J66_VOL28_I1,
PUB_00040,Beyond the res judicata doctrine: The nomomechanics of ICJ interpretation judgments,Article,https://doi.org/10.1017/S0922156523000547,Y,University of Freiburg,Germany,2024,JÃ¶rg Kammerhofer,English,Cambridge University Press,"error calculus, interpretation, Preah Vihear, Pure Theory of Law, res judicata",Leiden Journal of International Law,Volume 37 Issue 1,,"Res judicata is a core belief of international law, the ICJ's judgments are seen as final and without appeal, to doubt that is apparently equal to calling the entire international legal order into question. But the doctrine is not as absolute as the orthodoxy makes it out to be, neither as a matter of positive international law nor as a statement of legal theory. Even final judgements are not always final and appeals procedures and judicial review are not special in that they engage res judicata whereas regular legal change does not, rather, both do from a legal-theoretical vantage-point. This article makes the point by looking at ICJ interpretation judgments under Article 60, it argues that, far from leaving the original judgment's res judicata intact, interpretation judgments actually impinge or even disrupt it. The article discusses ICJ interpretation judgments (the 2013 judgment in Preah Vihear serving as convenient example), introduces Adolf Julius Merkl's Error Calculus theory as the theoretical framework best suited to analysing the nomomechanics and critiques the Preah Vihear interpretation judgment as change disguised as a hermeneutic exercise. It then turns the critical enterprise on its head to look at the Error Calculus theory itself to lay the groundwork for an even more audacious argument that the Error Calculus does not depend on errors in the narrow sense of the word: it is neither an ex post ratification of an imperfect norm nor a confirmation of invalidity, but the derogation of a perfectly valid norm.",UNESCO_02,SITE_00113,Law,PUB_00040,JNL_00066,J66_VOL37_I1,
PUB_00041,"Of International Law, Semi-colonial Thailand, and Imperial Ghosts",Article,https://doi.org/10.1017/S204425131800005X,Y,O. P. Jindal Global University,India,2019,Prabhakar Singh,English,Cambridge University Press,Institutions,Asian Journal of International Law,"Volume 9, Issue 1",,"I argue that contextually reading two disputes involving Siam-Cheek v. Siam (1898) and the Temple of Preah Vihear (1962)-proves that both private law and public international law are structurally rigged against ex-semi-colonial nations. Nineteenth-century Siam was a political ferment known variously as a semi-colonial, semi-peripheral, non-colonial, or uncolonized polity. Siam bargained under imperial shadows her political independence by the tactical grants of concession contracts, as well as by negotiating treaties with competing European powers. In the post-colonial Temple of Preah Vihear case, colonial stationery-maps, photographs, and communiques-as well as imperial customs offered evidentiary support to Cambodia, an ex-colonial state, against Thailand. In the early twentieth century, while authors picked Cheek v. Siam as a precedent for the law of international claims, textbooks offer the Temple of Preah Vihear case as a precedent on the form of treaties and estoppel. Conclusively, these two cases allow us to locate, if not exorcise, the ghosts of empires in Asian legal history, exposing, at the same time, Judge Koo's Orientalization of customary international law.",UNESCO_02,SITE_00113,Law,PUB_00041,JNL_00018,J18_VOL9_I1,
PUB_00042,Institutional Design and Its Constraints: Explaining ASEAN's Role in the Temple of Preah Vihear Dispute,Article,https://doi.org/10.1017/S2044251314000113,N,University of Singapore,Singapore,2015,Hao Duy Phan,English,Cambridge University Press,,Asian Journal of International Law,"Volume 5, Issue 1",,"This paper focuses on the role of ASEAN in maintaining peace and security in Southeast Asia. It uses the Temple of Preah Vihear dispute as a case-study to examine both ASEAN's successes and limitations in dealing with a crisis that threatened regional peace. The paper first examines ASEAN's initial response to the conflict and highlights a period of inaction that followed. It then traces ASEAN's renewed efforts to manage the conflict and assesses ASEAN's potential to resolve the dispute. The paper concludes that ASEAN did a remarkable job in facilitating negotiations and was instrumental in preventing the conflict from further escalation. It argues, however, that ASEAN's role remains limited: in particular, problems of institutional design reduce its effectiveness in managing conflicts and settling disputes. The paper concludes by making several suggestions to increase the effectiveness of the organization in maintaining regional peace and security.",UNESCO_02,SITE_00113,Law,PUB_00042,JNL_00018,J18_VOL5_I1,
PUB_00043,The Ghosts of the Temple of Preah Vihear/Phra Viharn in the 2013 Judgment,Article,https://doi.org/10.1017/S2044251314000149,N,University of Singapore,Singapore,2015,Victor Kattan,English,Cambridge University Press,,Asian Journal of International Law,"Volume 5, Issue 1",,"This paper revisits the ICJ's original 1962 Decision in the case of the Temple of Preah Vihear, examining its legacy in the light of the 2013 Decision. The 2013 Decision, when read in isolation from the 1962 Judgment, does not provide any indication that the original Judgment was controversial. In contrast to the unanimous Decision of the Court in 2013, in 1962 three of the judges appended Dissenting Opinions. They dissented because they could not agree with the majority that the Temple was located in Cambodia. The 1962 Judgment was controversial because it relied on an inaccurate sketch map and deduced Thai acquiescence from a single photograph of a brief meeting between a dead Thai prince and a dead French official. The unanimous decision of the 2013 Court therefore appears to be to a conscious decision by the Court to reinforce a Judgment that was, in retrospect, evidentially weak.",UNESCO_02,SITE_00113,Law,PUB_00043,JNL_00018,J18_VOL5_I1,
PUB_00044,The International Court of Justice in Asia: Interpreting the Temple of Preah Vihear Case,Article,https://doi.org/10.1017/S204425131400006X,N,University of Singapore,Singapore,2015,Simon Chesterman,English,Cambridge University Press,,Asian Journal of International Law,"Volume 5, Issue 1",,"This essay examines the 2013 Decision by the International Court of Justice interpreting its 1962 Judgment in the Temple of Preah Vihear case between Cambodia and Thailand, situating the more recent decision in the context of the Court's evolving role in Asia. Only eight Asian states have accepted the compulsory jurisdiction of the Court, only nine have ever appeared before it. The narrowness of the recent decision is of interest in part because of the modest role it ascribes to judicial institutions, but also for what this modesty heralds for the Court's status in Asia. A key conclusion is that Asian states are likely to retain a general preference for bilateral resolution of disputes. For smaller disputes, however, especially those concerning subjects that cannot be divided or traded-such as a temple (and, as we shall see, an island)-the ICJ may play an important role.",UNESCO_02,SITE_00113,Law,PUB_00044,JNL_00018,J18_VOL5_I1,
PUB_00045,The 2013 Judgment of the ICJ in the Temple of Preah Vihear Case and the Protection of World Cultural Heritage Sites in Wartime,Article,https://doi.org/10.1017/S2044251315000156,N,University of Geneva,Switzerland,2016,Alessandro Chechi,English,Cambridge University Press,,Asian Journal of International Law,"Volume 6, Issue 2",,"This paper looks at the Judgment handed down by the International Court of Justice in November 2013 on the interpretation of its 1962 Judgment in the Temple of Preah Vihear case between Cambodia and Thailand. The primary objective of this paper is to disclose the imperfect account of states' obligations provided for by the Court. In effect, the ICJ emphasized that Cambodia and Thailand must co-operate pursuant to the World Heritage Convention in the protection of the Temple as a world heritage site of outstanding universal value. Accordingly, the Court obscured the fact that the regime for the protection of cultural heritage in wartime was applicable in this case. This paper first examines the ICJ's narrow approach and its implications. Next, it brings the focus back into a larger context by analyzing the impact of the ICJ's jurisprudence on the development of international cultural heritage law.",UNESCO_02,SITE_00113,Law,PUB_00045,JNL_00018,J18_VOL6_I2,
PUB_00046,Request for Interpretation of the Judgment of 15 June 1962 in the Case Concerning the Temple of Preah Vihear (Cambodia v. Thailand),Article,https://doi.org/10.5305/amerjintelaw.108.2.0288,N,University of Michigan,United States of America,2014,John D Ciorciari,English,Cambridge University Press,"International Court of Justice, interpretation of previous judgment, principle of non ultra petita, territorial dispute, obligation to respect territorial integrity",American Journal of International Law,"Volume 108, Issue 2",,,UNESCO_02,SITE_00113,Law,PUB_00046,JNL_00003,J3_VOL108_I2,
PUB_00047,Life and Death at Preah Vihear,Review Article,https://doi.org/10.1017/S0021911816000450,N,University of Wisconsin,United States of America,2016,Taylor M Easum,English,Cambridge University Press,,Journal of Asian Studies,"Volume 75, Issue 2",,"The fate of the eleventh-century temple on the border between Thailand and Cambodia known as Preah Vihear in Khmer, and Khao Phra Wihan in Thai, has been a source of conflict between the Thai and Cambodian governments since the mid-twentieth century. The story of this temple spans the rise of the Empire of Angkor, the confrontation between Siam and French Indochina in the late nineteenth century, the tumultuous era of the Cold War in Southeast Asia, and most recently a decade of political protest and instability in Thailand. Life and Death at Preah Vihear covers this broad sweep of history, opening with an engaging description of the temple as an active sacred space, and then quickly moving to an overview of the “original sin” in the conflict over this temple, the colonial mapping of the Siamese-Cambodian border that placed the temple within the territory of French Indochina. ",UNESCO_02,SITE_00113,"Heritage Science, Sociology",PUB_00047,JNL_00091,J91_VOL75_I2,
PUB_00048,"Borders on the fantastic: Mimesis, violence, and landscape at the temple of Preah Vihear",Article,https://doi.org/10.1017/S0026749X98002893,N,University of Washington,United States of America,1998,Peter Cuasay,English,Cambridge University Press,,Modern Asian Studies,"Volume 32, Issue 4",,"On 15 June 1962, the International Court of Justice (ICJ) pronounced judgment on a dispute between Cambodia, formerly a colony of France, and Thailand, formerly called Siam, a neighboring kingdom which had never been formally colonized. The dispute regarded territorial sovereignty over the area of an ancient Brahmanic temple named Preah Vihear (following the Khmer language of Cambodia) or Phra Viharn (following Thai language). The Temple is perched high on a spur of the Dangrek mountain chain which roughly forms the boundary between both countries. North of the Dangrek lies the Khorat Plateau of Northeast Thailand, while to the south the Temple affords a magnificent view of the forested Cambodian plain below. The judgment was peculiar in that it relied upon absence to startling effect. Applying the principle qui tacet consentire videtur si loqui debuisset ac potuisset (Judgment, 23) [He who keeps silent is held to consent if he must and can speak—ibid., 96], ICJ held that Thailand's failure to protest the inaccuracy of a map purporting to reflect the watershed line between the two states, and thus by the Treaty of 1904 the international boundary between them, constituted tacit acceptance of the map line as the line established by treaty.",UNESCO_02,SITE_00113,"International Relations, Law",PUB_00048,JNL_00068,J68_VOL32_I4,
PUB_00049,"Using In-Slag Charcoal as an Indicator of “Terminal” Iron Production within the Angkorian Period (10th–13th Centuries AD) Center of Preah Khan of Kompong Svay, Cambodia",Article,https://doi.org/10.2458/azu_js_rc.v55i1.16152,N,"University of Illinois1, Australian Nuclear Science and Technology Organisation2, Museum National d'Histoire Naturelle3","United States of America1, Australia2, France3",2013,"Mitch Hendrickson1, Quan Hua2, Thomas Oliver Pryce3",English,Cambridge University Press,,Radiocarbon,Volume 55 Issue 1,,"Recent fieldwork by the Industries of Angkor Project (INDAP) has identified the first extensive evidence of iron production within an Angkorian Khmer (9th to 15th centuries AD) center at Preah Khan of Kompong Svay (Preah Khan) in Preah Vihear province, Cambodia. This immense 22-km(2) temple complex appears to be an outpost of Khmer settlement situated in close proximity to Phnom Dek ({''}Iron Mountain{''}), the richest known source of iron oxide in Cambodia. Combined with the fact that Preah Khan's temple architecture dates between the late 10th to early 13th centuries, the period that the Khmer greatly expanded their territorial influence, our primary hypothesis is that this complex was established to gain access to and monitor production of iron for the capital of Angkor. The vast number and size of these iron slag concentrations, some up to 5 m in height by 35 m in length, precludes the use of traditional excavation and dating methods. Instead, this paper employs C-14 dating of ``in-slag{''} charcoal from surface slag cakes to produce a spatial chronology of late or ``terminal{''} industrial activities. The results indicate that metallurgy was ``last{''} practiced at various locations within Preah Khan in the mid-13th to late 17th centuries, with 3 distinct clusters between the late 13th and late 15th centuries. Based on this initial survey of surface collections, it appears that iron production at Preah Khan occurred after the final phase of masonry construction. More significantly, this work provides the first robust set of dates for late Angkorian and Middle period industrial activities in Cambodia.",UNESCO_04,,"Geochemistry, Geophysics",PUB_00049,JNL_00077,J77_VOL55_I1,
PUB_00050,Dvaravatī and Zhenla in the seventh to eighth centuries: A transregional ritual complex,Article,https://doi.org/10.1017/S0022463416000254,N,Royal University of Fine Arts,Cambodia,2016,Nicolas Revire,English,Cambridge University Press,,Journal of Southeast Asian Studies,"Volume 47, Issue 3",,"The paradigm that the early Southeast Asian polities known as Dvāravatī and Zhenla were respectively, indeed almost exclusively, Buddhist and Hindu/Brahmanical during the second half of the first millennium CE has long remained uncontested. In this reappraisal, however, arguments are presented that challenge this general scholarly opinion. A thorough reassessment of the material culture and inscriptions from these two neighbouring regions of mainland Southeast Asia tempers such clear-cut compartmentalisation and instead emphasises the complex and evolving nature of the religion of that age through the lens of the ideology of merit. The religious affiliation of certain artefacts and inscriptions that are clearly related to this ideology are further examined and questioned.",UNESCO_03,,"Religion History, History",PUB_00050,JNL_00061,J61_VOL47_I3,
PUB_00051,Non-destructive investigation of sandstone blocks used in the Wat Phu temple in Laos and the Banteay Chhmar temple in Cambodia,Article,https://doi.org/10.1016/j.heliyon.2023.e16357,N,Waseda University,Japan,2023,"Etsuo Uchida, Yusu Lu , Lui Du",English,Cell Press,"Wat Phu temple, Banteay Chhmar temple, Sandstone, Magnetic susceptibility, Chemical composition, Non-destructive measurement",Helyion,"Volume 9, Issue 5",,"Sandstone blocks quarried from the late Jurassic to the early Cretaceous Red Terrane Formation were used to construct the Wat Phu temple in Laos and the Banteay Chhmar temple in Cambodia. The sandstone blocks of the Banteay Chhmar temple are gray to yellowish brown in color and their magnetic susceptibilities and Sr contents are relatively high, similar to the sandstone blocks used in the Angkor monument. In contrast, the Wat Phu temple consists of reddish sandstone blocks with significantly lower magnetic susceptibilities and Sr contents than those used in the Banteay Chhmar temple and Angkor monument. The sandstone blocks of the Banteay Chhmar temple were likely supplied from quarries in Ta Phraya, Thailand, and those of the Wat Phu temple are likely to have been supplied from the area near these temples. The Red Terrane Formation is widely distributed throughout Mainland Indochina, and most of these sandstones show low magnetic susceptibilities and low Sr contents, similar to those of the Wat Phu temple. Sandstone with high magnetic susceptibilities and high Sr contents is found in the sandstone quarries in Ta Phraya and the southeastern foothill of Mt. Kulen, which is the supply source of the sandstone blocks used in the Angkor monument, early buildings of the Bakan monument, and Banteay Chhmar temple. The sandstone with high magnetic susceptibility and high Sr content is distributed in limited areas and implies a weak degree of weathering during the sandstone formation process or a difference in the source rocks.",UNESCO_01,,"Archaeometry, Archaeology",PUB_00051,JNL_00037,J37_VOL9_I5,
PUB_00052,Petrographical and geochemical investigations on the building stones of the Khmer temples in the Angkor Park/Cambodia,Article,https://doi.org/10.1127/1860-1804/2007/0158-0617,N,University of Cologne,Germany,2007,"Robin Reucher, Hans Leisen, Esther Von Plehwe-Leisen, Rainer Kleinschrodt",German,German Geological Society Geological Association,"Angkor Park, Angkor Vat, greywacke, petrography, geochemistry, building stones, differentiation, conservation, substitutional material, quarries, temples",Zeitschrift der Deutschen Gesellschaft fur Geowissenschaften,Volume 158 Issue 3,,"Six temples of the Angkor Park, Preah Ko (9(th) century), Pre Rup (10(th) century), Banteay Srei (10(th) century), Ta Keo (10(th) century), Angkor Wat (12(th) Century) and Bayon (12(th)/13(th) century), as well as two quarries were sampled for petrographical and geochemical investigations focussing on variability of building stones within single temples, distinctive features between materials from different temples and periods and a correlation with samples from two quarries. The objective was a differentiation of the building stones. On a petrographic base most of the rocks can be classified as feldspathic greywacke, only the material of the Banteay Srei temple is a lithic greywacke. Despite of this similarity, the rocks display a distinct variability in regard to their chemical composition and texture. Variations of the modal composition and heavy mineral analysis are not sufficient for a characterisation of feldspathic greywackes of the temples, but the combination of different methods allows pointing out some specifics of the building stones of different temples.",UNESCO_01,"SITE_00019, SITE_00075, SITE_00002, SITE_00037, SITE_00030,SITE_00014 ",Geology,PUB_00052,JNL_00092,J92_VOL158_I3,
PUB_00053,Khmer decorative lintels and the allocation of artistic labour ,Article,https://doi.org/10.3406/ARASI.2008.1658,Y,Flinders University ,Australia,2008,Martin Polkinghorne,English,Ecole Francaise d'Extreme-Orient,,Arts Asiatiques,Volume 63,,"From the foundation of modest village shrines to colossal state monuments the venture of Angkorian temple building required a variety of specialists. Few studies have sufficiently considered the structures from the perspective of the people who made them - the almost entirely nameless craftsmen and artists who erected the edifices and carved the bas-reliefs and architectural ornamentation. There is modest information in epigraphy, and as yet little archaeological data to indicate what the organisation of these groups may have been like. By considering difference and similarity in decorative lintels, among the most ubiquitous objects of Khmer sculpture, this paper will suggest how the process of temple ornamentation was organised across the construction site and how Khmer artists employed flexible design templates. ",UNESCO_01,"SITE_00019, SITE_00055, SITE_00075, SITE_00022, SITE_00020, SITE_00002, MG18218","Art, Architecture",PUB_00053,JNL_00015,J15_VOL63,
PUB_00054,"The Archaeological Landscape of Koh Ker, Northwest Cambodia",Article,https://doi.org/10.3406/befeo.2010.6130,Y,Ecole Francaise d'Extreme-Orient,France,2011,Damian Evans,English,Ecole Francaise d'Extreme-Orient,,Bulletin de l'Ecole Francaise d'Extreme-Orient,Volume 97-98,,"This article provides a summary of research activities and outcomes following several years of aerial and ground-based surveys undertaken at Koh Ker, in Preah Vihear Province in northwest Cambodia. Key findings include the discovery of a sophisticated and multi- period system of hydraulic engineering works bearing some similarities to that of Angkor in the 10th century ; the identification of areas likely devoted to intensive agriculture during the Angkorian period ; a re-appraisal of previously identified ""roadways"" and ""city enclosures"" ; evidence for domestic habitation and stone working sites ; the degree of connectivity of the northern ""road"" from Koh Ker to the Beng Mealea to Vat Phu road ; possible continuity of occupation from early historic to post-Angkorian periods ; evidence for the collapse of the water management system ; and indications of large-scale changes to the local environment including alterations in the flows of entire river systems.",UNESCO_04,"SITE_00082, SITE_00081, SITE_00087, SITE_00107","Archaeology, Remote Sensing",PUB_00054,JNL_00020,J20_VOL97,
PUB_00055,"What to Do about ""The Khmers""",Review Article,https://www.jstor.org/stable/20062750,N,Universiti Sains Malaysia,Malaysia,1996,Michael Vickery,English,Ecole Francaise d'Extreme-Orient,,Journal of Southeast Asian Studies,"Volume 27, Issue 2",,,UNESCO_04,,"International Relations, Sociology",PUB_00055,JNL_00061,J61_VOL27_I2,
PUB_00056,Curieuses sculptures khmères,Article,https://doi.org/10.3406/arasi.2004.1526,Y,Ecole Francaise d'Extreme-Orient,France,2004,Bertrand Porte,French,Ecole Francaise d'Extreme-Orient,,Arts Asiatiques,Volume 59,,,UNESCO_04,"SITE_00106, ",Art,PUB_00056,JNL_00015,J15_VOL59,
PUB_00057,La date de Koh Ker,Article,https://doi.org/10.3406/befeo.1931.4415,Y,Ecole Francaise d'Extreme-Orient,France,1931,Georges Coedes,French,Ecole Francaise d'Extreme-Orient,,Bulletin de l'Ecole Francaise d'Extreme-Orient,Volume 31,,,UNESCO_04,"SITE_00107, SITE_00081","Epigraphy, History",PUB_00057,JNL_00020,J20_VOL31,
PUB_00058,A l’ombre des palmiers a sucre : les campagnes cambodgiennes sous protectorat français a travers l’exemple de Kampong Thom,Thesis,https://doi.org/10.4000/lhomme.47249,Y,Ecole des Hautes Etudes en Sciences Sociales,France,2019,Mathieu Guerin,French,Ecole Francaise d'Extreme-Orient,,,,,,UNESCO_04,,"History, Sociology",PUB_00058,,,
PUB_00059,Spatial and Chronological Sketch of the Ancient City of Sambor Prei Kuk,Article,https://doi.org/10.3406/asean.2012.2251,Y,"University of Tsukuba1, Waseda University2",Japan,2012,"Ichita Shimoda1, Sae Shimamoto2",English,Ecole Francaise d'Extreme-Orient,,"Aseanie, Sciences humaines en Asie du Sud-Est",Volume 30,,"Sambor Prei Kuk is the site of Īśānapura, the capital city of the Zhenla kingdom. This ancient city primarily consisted of two zones : a ‘ temple zone’ and a ‘ moated city zone’. Temple complexes are mostly concentrated in the temple zone, an area well documented by the surveys led in the first part of the twentieth century. However, more recent surveys, mostly in the western moated city zone, have revealed the presence of many other remnants such as brick shrines, moats, ramparts, embanked causeways, ponds, dams and other features. This article reviews all the available data including some of the key features unearthed during the recent surveys. It presents inscriptions, statues, lintels, and traces of building modification, and— whenever appropriate— describes their spatial distribution. It also discusses their implications regarding our understanding of the site, particularly in terms of chronology of its occupation. While some of the new features support the dating already established by previous epigraphic studies for the occupation of the ‘ temple zone’ (seventh and tenth centuries), others confirm that the occupation of the moated city also dates back to the seventh century. Furthermore, evidence of rebuilding identified on the newly excavated structures suggests that the city continued to be occupied throughout the Angkorian period and that it may have been then one of the regional centres of the Khmer Empire.",UNESCO_03,,"Epigraphy, Urban History, History",PUB_00059,JNL_00016,J16_VOL30,
PUB_00060,Funan Reviewed : Deconstructing the Ancients,Article,https://doi.org/10.3406/befeo.2003.3609,Y,Universiti Sains Malaysia,Malaysia,2003,Michael Vickery,English,Ecole Francaise d'Extreme-Orient,,Bulletin de l'Ecole Francaise d'Extreme-Orient,Volume 90-91,,"The review and deconstruction in this article concern the story of Funan composed by an earlier generation of western scholars which permeates all historical syntheses of Cambodia to date. It is not a critique of the Chinese sources, which constitute nearly the entire corpus of written evidence for Funan, nor of Pelliot's translations of those sources, for the author is not a Sinologist. Among the author's concerns are (1) a strict distinction between historic evidence and prehistoric folktales, resulting in a denial that any 'Kaundinya' ever came to Funan from India, (2) misconstrual of Funanese royal succession patterns, which suggest matrilineal uncle-to-nephew succession, seen more clearly in later periods in Cambodia, (3) evidence that Funan's ethno-linguistic situation was Khmer, against the recent growing consensus that it was Austronesian, (4) denial of the validity of Cœdès's identification of a name transmitted by the Chinese with the locally recorded ' Vyādhapura' and its location at Ba Phnom. The conclusions about Funan's location and its capital are that the old idea of original Funan as comprising southern Cambodia and some adjoining part of southern Vietnam is still acceptable, but that the location, or locations at different times, of its 'capital(s)' are uncertain and will be decided by archaeology, with the strongest candidate at present Angkor Borei, and the weakest Ba Phnom.",UNESCO_03,SITE_00146,"History, Archaeology",PUB_00060,JNL_00020,J20_VOL90,
PUB_00061,Recherches sur le premier art khmer,Article,https://doi.org/10.3406/arasi.1977.1110,Y,Centre National de la Recherche Scientifique,France,1977,Mireille BÃ©nisti,French,Ecole Francaise d'Extreme-Orient,,Arts Asiatiques,Volume 33,,,UNESCO_03,"SITE_00131, SITE_00135, SITE_00136, SITE_00137, SITE_00134, SITE_00146","Art, Architecture",PUB_00020,JNL_00015,J15_VOL33,
PUB_00062,Quelques précisions sur la fin du Fou-nan,Article,https://doi.org/10.3406/befeo.1943.5733,Y,Ecole Francaise d'Extreme-Orient,France,1943,Georges Coedes,French,Ecole Francaise d'Extreme-Orient,,Bulletin de l'Ecole Francaise d'Extreme-Orient,Volume 43,,,UNESCO_03,,"History, Epigraphy",PUB_00062,JNL_00020,J20_VOL43,
PUB_00063,Notes d'iconographie khmère : III. Au sujet d'un linteau de Sambor Prei Kuk,Article,https://doi.org/10.3406/befeo.1966.3754,Y,Centre National de la Recherche Scientifique,France,1966,Mireille BÃ©nisti,French,Ecole Francaise d'Extreme-Orient,,Bulletin de l'Ecole Francaise d'Extreme-Orient,Volume 53,,,UNESCO_03,SITE_00129,"Art, Religion History",PUB_00063,JNL_00020,J20_VOL53,
PUB_00064,Rethinking tourism in Asia,Article,https://doi.org/10.1016/j.annals.2006.06.004,N,University of Sydney,Australia,2007,Tim Winter,English,Elsevier,"Angkor, Cambodia, Asia, urban, networks",Annals of Tourism Research,"Volume 34, Issue 1",,"Recent years have witnessed a seemingly relentless surge in the movement of tourists ``of Asian origin{''}. It is confidently predicted that over the coming decades Asia will have one of the fastest growing tourist populations in the world. Despite such forecasts, tourism in Asia by Asian tourists has received little attention to date. This paper sets out to redress this imbalance by examining recent developments at the World Heritage Site of Angkor, Cambodia. It argues that Western-focused policies have inadequately restrained an explosion in facility construction principally aimed at a tourism market from Northeast Asia. The various implications arising from this situation are examined.",UNESCO_01,SITE_00030,"Economics, Sociology",PUB_00064,JNL_00004,J4_VOL34_I1,
PUB_00065,"Assessment of land use and climate change effects on hydrology in the upper Siem Reap River and Angkor Temple Complex, Cambodia",Article,https://doi.org/10.1016/j.envdev.2021.100615,N,"University of Auckland1, Ministry of Water Resources and Meteorology2","Australia1, Cambodia2",2021,"Kosal Chim1, Jon Tunnicliffe1, Asaad Y Shamseldin1, Hean Bun2",English,Elsevier,"Soil and water assessment tool (SWAT), Mann-Kendall, Land change modeler (LCM), Downscaling, Forest cover, Angkor wat temple",Environmental Development,Volume 39,,"Siem Reap River plays a crucial role in maintaining the stability of the Angkor Temple Complex and the livelihoods of the people in the basin. Land use and land cover (LULC) have changed considerably over the last few decades, as well as climatic regime, and these, in turn, have an influence on streamflow. The objective of this study was to assess the potential impacts of future LULC and climate change on streamflow upstream from the Angkor Temple Complex. LULC maps, classification of LULC units, and projections of change were developed using Maximum Likelihood Supervised Classification and the Land Change Modeler (LCM). Artificial neural network (ANN) downscaling was applied to downscale precipitation and temperatures. The Soil and Water Assessment Tool (SWAT) was applied to assess the effects of future LULC and climate change within the upper Siem Reap catchment. The Mann-Kendall test was employed to detect any potential trends within the current and future (modelled) streamflow. The results indicate that there would be reduction of streamflow at seasonal and annual timescales, under every scenario. The annual average streamflow was reduced -69\%, -63\% and -75\% under the Representative Concentration Pathway (RCP) scenarios RCP 2.6, RCP 4.5 and RCP 8.5 respectively. It seems that there is a sufficient water supply to sustain the Angkor Temple Complex under the current LULC and climate regime, but there would be an insufficient water supply under every future modelled scenario. Moreover, trends in groundwater levels must be taken into account, because growing population will inevitably influence groundwater balance and surface water which could potentially threaten the stability of Angkor Wat Temple, a UNESCO World Heritage Site.",UNESCO_01,SITE_00030,"Environmental Sciences, Ecology",PUB_00065,JNL_00028,J28_VOL39,
PUB_00066,The active microbes and biochemical processes contributing to deterioration of Angkor sandstone monuments under the tropical climate in Cambodia - A review,Review Article,https://doi.org/10.1016/j.culher.2020.10.010,Y,"Guangdong Industry Polytechnic University1, University of Hong Kong2, National Palace Museum3, National Research Institute for Cultural Properties4","China12, Taiwan3, Japan4",2021,"Jing Li1, Maocheng Deng1, Lin Gao2, Sufen Yen3, Yoko Katayama4, Ji-Dong Gu1",English,Elsevier,"Angkor temples, Biodeterioration, Biofilms, Capillary action, Cultural heritage, Defoliation, Sandstone, Salting, Secondary minerals",Journal of Cultural Heritage,Volume 47,,"Angkor monuments/temples in the Southeast Asia are UNESCO World Cultural Heritage of the Khmer Civilization and they require preservation and protection from destruction. In this article, activityand process-based approaches are used to present the current available results on the active microorganisms and their biochemical processes associated with the biodeterioration of sandstone cultural heritage under the tropical climate in Cambodia. Such information is important for effectively protection and management. Severe deterioration of sandstone monuments is a result of weathering processes of a combination of physical, chemical and biological forces, including both natural and anthropogenic ones. Given the fact that water is an important natural factor affecting the stability of sandstone cultural heritage under the tropical regions, subsequent microbial colonization and contribution to the deterioration of sandstone have been investigated with both culture-dependent and culture-independent techniques to provide information about the microbiota associated with the sandstone. Recent data show that both sulfur and nitrogen cycles are active biochemical processes by specific microorganisms on sandstone temples/monuments in the tropical region. Both sulfur-oxidizing bacteria and fungi are active involved and, more recently, ammonia-oxidizing archaea (AOA) are implicated with higher abundance than ammonia-oxidizing bacteria (AOB) on sandstone monuments. It is clear that a research paradigm shift is taking place on microbiology of cultural heritage, and the active, and biochemically and physiologically functional microbes are focused to advance our fundamental understanding and knowledge on the biodeteriogens for a better protection and management of cultural heritage. Biochemically and physiologically functional and important microorganisms, as well as the biochemical mechanisms involved, shall be focused in order to advance the basic research on cultural heritage, while providing essential information for its protection, including Angkor sandstone temples and monuments. (C) 2020 Les Auteurs. Publie par Elsevier Masson SAS. Cet article est publie en Open Access sous licence CC BY.","UNESCO_01, UNESCO_02","SITE_00113, SITE_00014, SITE_00030, SITE_00045","Microbiology, Geochemistry, Materials Science, Heritage Science",PUB_00066,JNL_00054,J54_VOL47,
PUB_00067,"An examination of forest cover change at Angkor, Cambodia, using satellite imagery, interviews and interpretation of historical events",Article,https://doi.org/10.1016/j.apgeog.2020.102276,N,University of the South Pacific,Fiji,2020,Nathan A Wales,English,Elsevier,"Southeast Asia, Multiple method, Image classification, Forest, Resource governance, Livelihood",Applied Geography,"Volume 29, Issue 3",,"In the three decades since the mid-1970s through to the early 2000s forest cover at the Angkor World Heritage Site, Cambodia has not progressed linearly but in response to different historical events. This research uses multiple methods in comparing satellite image classification with key informant interviews and other forms of data at the landscape scale and at case studies to provide an historical perspective on forest cover change. The earliest date corresponds to the beginning of the civil war in Cambodia through to a time when a number of events had contributed to significant change in forest pattern and extent at Angkor. The change observed is a result of regulatory controls on land use, ongoing subsistence resource use activities and other events and processes, and more broadly reflects a country in transition and a history of conflict relating to resource governance. The research demonstrates that multiple methods combining medium resolution satellite imagery with interview data and processes detectable at specific time periods can be used to understand patterns of forest change and establish links to processes on the ground.",UNESCO_01,,Geography,PUB_00067,JNL_00006,J6_VOL29_I3,
PUB_00068,"Sandstone weathering in tropical climate: Results of low-destructive investigations at the temple of Angkor Wat, Cambodia",Article,https://doi.org/10.1016/j.enggeo.2009.07.003,N,University of Dresden,Germany,2010,"Heiner Siedel, Stephan Pfefferkorn, Esther Von Plehwe-Leisen, Hans Leisen",English,Elsevier,"Sandstone, Weathering forms, Ultrasonic wave velocity, Drilling resistance, Salt distribution, Sulphur isotope ratio",Engineering Geology,"Volume 115, Issues 3–4",,"Investigations at the temple of Angkor Wat aimed at the explanation of the major weathering processes of building sandstone as well as at the role of both intrinsic factors (i.e. sandstone petrography and properties) and extrinsic factors (i.e. climatic and environmental influences). Since material sampling at the temple was limited to a few boreholes because of the high artistic rank of the building, non-destructive and low-destructive in-situ investigation methods like ultrasonic wave and drilling resistance measurements had to be applied to obtain information about the material properties of sandstone and their changes due to weathering. Moreover, hydric swelling behaviour of the sandstone was determined on undecorated pieces of fallen blocks from the walls. Additional random-test stable isotopic investigations of environmental influences and salts and thorough investigations of the spatial distribution of salts in the ashlars at two selected places with typical weathering patterns completed the set of data. The results demonstrate that the weathering process is mainly triggered by rain-dry-cycles. Salt load found in the stone is composed of gypsum and nitrate compounds. Sulphur stable isotope investigations of potential sources of gypsum lead to the conclusion that soluble components of bat droppings are the major source of salts. Influences of environmental factors like sulphate in rainwater or SO2 from the air on salt formation are unlikely. Gypsum may reinforce the surface deterioration due to high swelling-shrinking movements of the sandstone (>1 mm/m) during intensive wetting-drying cycles. (C) 2009 Elsevier B.V. All rights reserved.",UNESCO_01,SITE_00030,"Geotechnical Engineering, Geology",PUB_00068,JNL_00027,J27_VOL115,
PUB_00069,Exploring ecological relationships in the biodeterioration patterns of Angkor temples (Cambodia) along a forest canopy gradient,Article,https://doi.org/10.1016/j.culher.2015.01.001,N,"Roma Tre University1,  Soprintendenza Speciale Polo Museale Veneziano2, National Research Institute for Cultural Properties3, Consiglio per la Ricerca e la Sperimentazione in Agricoltura4",Italy,2015,"Giulia Caneva1, Flavia Bartoli1, Simona Ceschin1, Ornella Salvadori2, Yoko Futagami3, Luca Salvati4",English,Elsevier,"Stone biodeterioration, Microflora, Macroflora, Ecology of biodeterioration, Monument conservation, Tropics",Journal of Cultural Heritage,"Volume 16, Issue 5",,"Various biological communities colonize the Khmer temples in Angkor ( Cambodia), which had lain abandoned for many centuries. These biodeterioration patterns change in response to different environmental conditions, and the aim of this study is to quantify their frequency and ecological characteristics according to a forest canopy gradient. The descriptive and multivariate statistical analysis applied to data collected from the four temples in the study identifies various biological communities along with a temple-specific ecological succession. The initial pioneer community is primarily composed of a reddish biofilm of the green alga Trentepohlia sp., and it occurs in xeric and shady environmental conditions, becoming dominant in forested areas. Cyanobacteria biofilm, consisting of species belonging to the genera Scytonema and Gloeocapsa, sometimes in combination with the lichen Endocarpon sp., prevails in xeric and sunny conditions. With the progressive increase of the availability of edaphic water, typical of forested areas, various lichen communities are able to establish themselves (dominated by Lepraria, Pyxine coralligera and Cryptothecia subnidulans respectively), followed by moss and higher plant communities. Understanding these relationships appears to be a very useful way of identifying the best microclimatic conditions for stone conservation. Published by Elsevier Masson SAS.",UNESCO_01,"SITE_00045, SITE_00037, SITE_00014, SITE_00038","Microbiology, Geochemistry, Materials Science, Heritage Science",PUB_00069,JNL_00054,J54_VOL16_I5,
PUB_00070,Biological colonization patterns on the ruins of Angkor temples (Cambodia) in the biodeterioration vs bioprotection debate,Review Article,https://doi.org/10.1016/j.ibiod.2014.09.015,N,"Roma Tre University1, National Research Institute for Cultural Properties2, National Museum of Nature and Science3, National Institute of Biological Resources4","Italy1, Japan23, South Korea4",2014,"Flavia Bartoli1, Annalaura Casanova Municchia1, Yoko Futagami2, Hiroyuki Kashiwadani3, Kwang Hee Moon4, Giulia Caneva1",English,Elsevier,"Stone conservation, Algae, Cyanobacteria, Lichens, Mosses, Archaeological site conservation",International Biodeterioration and Biodegradation,Volume 96,,"The biological colonization present on the temples of the UNESCO World Heritage site of Angkor is wide and relevant, but a debate on its biodeteriorative and bioprotective effects is now developing. We investigated the biological patterns observed on two temples (Ta Nei and Ta Keo) exposed to different microclimatic conditions, in order to assess the damage caused by the communities present on the stone. We analyzed the penetration (depth and spread) into the stone, and the degree of decohesion of seven communities (green algae, cyanobacteria, lichens and mosses). The microscopic analyses highlighted a clear interaction between organism and stone, displaying a trend of increasing harmfulness from the community of the green algae (Trentepohlia) up to the moss communities. All the lichen communities show biodeterioration abilities: the Pyxine community seems more aggressive than the Lepraria and Cryptothecia communities, and more also than the cyanobacterial communities. The positive effects of the lichen cover in reducing dangerous evaporation processes cannot outweigh the negative effects of their hyphal penetration. Light forest cover seems beneficial for the conservation of the Angkor monuments since it reduces evaporation processes, but further studies should be carried out so as to find an optimal balance between contrasting factors. (C) 2014 Elsevier Ltd. All rights reserved.",UNESCO_01,"SITE_00045, SITE_00037","Biotechnology, Microbiology, Environmental Sciences, Ecology",PUB_00070,JNL_00041,J41_VOL96,
PUB_00071,FEM modeling of the towers in Bayon temple in Cambodia based on micro-tremor measurements,Article,https://doi.org/10.1016/j.advengsoft.2007.01.007,N,Waseda University,Japan,2008,"Toshiro Maeda, Yoshikazu Sugiura, Tomonari Hirai",English,Elsevier,"micro-tremor, dry-masonry, FEM, historical architecture, Bayon temple, Prasat Sour Prat",Advances in Engineering Software,"Volume 39, Issue 4",,"Bayon temple, Angkor, Cambodia, built in 13th century, is a dry-masonry temple made of sandstone which has deteriorated possibly due to rain, plants, settlements, and so on. Moreover, we may add wind induced direct or via-ground vibration to the list of deterioration causes since strong winds of more than 20 m/s was observed, which will require us to evaluate structural responses to the wind excitation. Based on micro-tremor measurements, we identified predominant frequencies, damping factors and base-fixed frequencies of the main tower and sub-towers in the temple and neighboring Prasat Sour Prat towers, FEM models were constructed by simulating the base-fixed natural frequencies of the horizontal translational modes. During the simulation, we had to reduce the elastic modulus of sandstone to less than 1/10 of typical value, which may suggest that the continuum modeling of dry-masonry structures is inappropriate. (c) 2007 Elsevier Ltd. All rights reserved.",UNESCO_01,"SITE_00014, SITE_00006","Computer Science, Geotechnical Engineering",PUB_00071,JNL_00002,J2_VOL39_I4,
PUB_00072,The effect of rock strength on weathering rates of sandstone used for Angkor temples in Cambodia,Article,https://doi.org/10.1016/j.enggeo.2016.04.006,N,Nihon University,Japan,2016,Tetsuya Waragai,English,Elsevier,"Angkor temples, Sandstone, Weathering rate, Strength, Historical structure",Engineering Geology,Volume 207,,"This study determined the weathering rates from the depths of hollows formed by the deterioration of sandstone blocks used to build Angkor temples in the 7th-12th centuries. Due to capillary processes, these hollows generally develop at the bases of building components such as doorframes, false doorframes, window frames, and pillars. In this study, 55 locations in 29 temples were selected to measure maximum hollow depth. Based on the ages of the temples, the weathering rate was calculated to be in the range 7-92 mm ka(-1). The weathering rate was found to be independent of building component type and aspect. The calculated weathering rate corresponds to the physical weathering rate of sandstone caused by the wetting-drying cycles that result from the tropical environment along with the dry season. An equation that can estimate the maximum depth of a hollow in a sandstone block was proposed based on temple age and the coefficient obtained from two types of rock hardness values. The equation coefficient is an effective index that can help predict the deterioration of stone cultural artifacts such as the Angkor temples. (C) 2016 Elsevier B.V. All rights reserved.","UNESCO_01, UNESCO_02, UNESCO_03, UNESCO_04","SITE_00148, SITE_00152, SITE_00019, SITE_00022, SITE_00068, SITE_00069, SITE_00026, SITE_00023, SITE_00081, SITE_00068, SITE_00027, SITE_00073, SITE_00075, SITE_00037, SITE_00113, SITE_00004, SITE_00030, SITE_00028, SITE_00079, SITE_00064, SITE_00014, SITE_00045, SITE_00038, SITE_00006, SITE_00055","Geotechnical Engineering, Geology",PUB_00072,JNL_00027,J27_VOL207,
PUB_00073,Political boundary between DvaravatÄ± and Ancient Khmer kingdoms: The recognition of ancient frontier networks in Eastern Thailand before the 11th century CE,Article,https://doi.org/10.1016/j.ara.2025.100647,N,Silpakorn University,Thailand,2025,"Patcharaporn Ngernkerd, Rasmi Shoocongdej, Saritpong Khunsong",English,Elsevier,"Dvaravati, Angkor, Ancient Khmer, Mandala, Frontier, Boundary, Eastern Thailand",Archaeological Research in Asia,Volume 34,,"This paper examines the nature of the political boundary between the Dva<overline>ravat and imath,<overline> and Ancient Khmer kingdoms in eastern Thailand between the 7th and 11th centuries CE. Using a theoretical framework based on the Mandala model, this frontier is examined via spatial analyses between the large, rectilinear towns such as Si Mahosot and Muang Phai and smaller, surrounding communities. The combination of settlement layout, epigraphy and sculptural remains shows a fluidity of cultural influence and power of Khmer kings in this peripheral region. The boundary between the two kingdoms is perhaps viewed as being a gap in settlement in the central plain of the region, but it shifted to the western part of eastern Thailand around the early 11th century CE. Such fluctuations in territorial boundaries are a common occurrence in the history of other ancient states.",UNESCO_01,,"Archaeology, Sociology",PUB_00073,JNL_00011,J11_VOL34,
PUB_00074,Developing a strategy for the Angkor World Heritage Site,Article,https://doi.org/10.1016/0261-5177(95)00069-Z,N,UNESCO,United Kingdom,1995,Jonathan Wager,English,Elsevier,"WORLD HERITAGE SITE, MONUMENTS, SUSTAINABLE DEVELOPMENT, TOURISTS",Tourism Management,"Volume 16, Issue 7",,Angkor contains the spectacular remains of the metropolitan cities of the Khmer Empire that flourished in the 11th-14th centuries. A large area was recently inscribed on the list of World Cultural Heritage Sites. A condition of inscription is the adoption of a zoning plan and legal framework for protection and management of the site. Tourism is an important economic activity at Angkor. A zoning plan for the Angkor region focuses on promoting sustainable development of natural and cultural resources. It attemps to achieve a balance between strict protection of archaeological sites and planned development of tourism and urban and rural development in a support zone. The government is establishing agencies to manage the site and regulate development.,UNESCO_01,,"Economics, Economics",PUB_00074,JNL_00088,J88_VOL16_I7,
PUB_00075,The southwest pavilion of Angkor Vat temple: Damage encountered and conservation efforts,Report,,Y,University of Cologne2 GACP Team 3 ICCROM Italy,Germany,2004,"Hans Leisen, Esther von Plehwe-Leisen1, Long Nary2, Simon Warrack3, Dana Krause, Johannes Kroner, Christine Schmaltz2",English,APSARA National Authority,,Udaya Journal of Khmer Studies,Number 5,,,UNESCO_01,SITE_00030,,,JNL_00089+U176:V176,J89_NUMB5,
PUB_00076,"Tourism, forest conversion, and land transformations in the Angkor basin, Cambodia",Article,https://doi.org/10.1016/j.apgeog.2008.09.007,N,University of Florida,United States of America,2009,"Andrea E Gaughan, Michael W Binford, Jane Southworth",English,Elsevier,"Land-cover change, Remote sensing, Tourism, Charcoal production, Southeast Asia, Human-environment interaction",Applied Geography,"Volume 29, Issue 2",,"The Angkor basin of Cambodia, the site of the great Angkor temple complex, has experienced explosive tourism growth since the 1993 onset of national political stability and renewed international investment, which in turn has driven increasing demand for water, wood, and biomass fuel, and rapid and extensive land-use and land-cover change. We use multi-temporal Landsat imagery (1989-2005) to describe the rate and extent of land-cover change throughout the Angkor basin. While 50\% of the landscape remained in rice agriculture it is notable that a larger proportion of the area was deforested (23.4\%) than experienced forest regrowth (4.9\%). Most forest loss occurred between the Angkor temple complex and Phnom Kulen National Park, and was due in part to charcoal production to serve the tourist industry, and also conversion to permanent agriculture. The small area of forest increase was concentrated along the eastern boundary of the main Angkor complex. The interplay among global (tourism, climate), regional (national policies, large-river management), and local (construction and agriculture, energy and water sources to support the tourism industry) factors drives a distinctive but complex pattern of land-use and land-cover change. (C) 2008 Elsevier Ltd. All rights reserved.",UNESCO_01,,"Geography, Economics",PUB_00076,JNL_00006,J6_VOL29_I2,
PUB_00077,"Form, structure and long-term Angkorian urbanism: A view from the Kok Phnov site (9th-10th century CE)",Article,https://doi.org/10.1016/j.ara.2022.100374,N,"University of Hawaii1, University of Oregon2, APSARA National Authority3","United States of America12, Cambodia3",2022,"Piphal Heng1, Miriam T Stark1, Alison Kyra Carter2, Rachna Chhay3",English,Elsevier,"Neighborhood, Urbanism, Settlement patterns, Angkor",Archaeological Research in Asia,Volume 31,,"The capital of Angkor remained the powerbase of the Khmer polity for more than 600 years, indicating its resilience. Recent work at Angkor investigates the evolution of this massive agro-urban center, but most of that research has focused on large-scale landscape developments rather than occupational sequences at urban lo-calities. Our paper blends remotely-sensed ground survey, excavation, art historic, and epigraphic data in the Pre Rup area (and specifically around the Kok Phnov settlement) to provide a fine-grained perspective on the development of Angkor's urban configuration through time. We write against the assumption that successive state temples defined neighborhoods and temple communities across Angkor urban space and illustrate their interconnectivity as ``districts{''} that sustained the urban core. Districts, as administrative units, included civic-ceremonial, craft production, and residential neighborhoods. Drawing on field-based investigations of mound clusters at Kok Phnov we offer evidence for continuous habitation and craft production from the 9th-16th centuries. We use this patterning in the larger Eastern District to argue that Angkorian urbanism developed unevenly through time and space, and that bottom-up social forces - as well as state design and topography - crafted its form. Such neighborhoods and districts were foundational elements to Angkorian urbanism, and studying their occupational sequences sheds light on Angkor's dynamic and resilient 600-year urban history.",UNESCO_01,,Archaeology,PUB_00077,JNL_00011,J11_VOL31,
PUB_00078,Prasat and Pteah: Habitation within Angkor Wat's temple enclosure,Article,https://doi.org/10.1016/j.ara.2022.100405,N,"University of Oregon1, University of Hawaii2 , University College London3, University of California4, APSARA National Authority5","United States of America1234, Cambodia",2022,"Alison Kyra Carter1,Miriam T Stark2, Cristina Cobo Castillo3, Piphal Heng4, Yijie Zhuang3, Rachna Chhay5",English,Elsevier,"Angkor, Cambodia, Urbanism, Dwellings, Household archaeology",Archaeological Research in Asia,Volume 32,,"The Angkor empire (9-15th centuries CE) was one of mainland Southeast Asia's major civilizations, with a 3000 km(2) agro-urban capital located in northwest Cambodia. Since 2010, the Greater Angkor Project has been investigating occupation areas within Angkor's urban core. This work has identified temple enclosures as important residential areas that made up part of Angkor's civic-ceremonial center. In this paper, we review excavations from residential areas within Angkor Wat's temple enclosure. We concentrate on evidence for residential patterning by focusing on our 2015 excavations, one of the largest horizontal excavations of a single occupation mound within Angkor's civic-ceremonial center. These data offer further evidence for archaeological patterns of residential occupation within the Angkor Wat temple enclosure and a comparative dataset for future research of habitation areas within Angkor as well as domestic spaces in other urban settings.",UNESCO_01,SITE_00030,Archaeology,PUB_00078,JNL_00011,J11_VOL32,
PUB_00079,"Evidence for the breakdown of an Angkorian hydraulic system, and its historical implications for understanding the Khmer Empire",Article,https://doi.org/10.1016/j.jasrep.2017.11.014,Y,"University of Sydney1, Arizona State University2, Ecole Francaise d'Extreme-Orient3, Independent Researcher4, Flinders University5","Australia145, United States of America2, France3",2017,"Terry Lustig1, Sarah Klassen2, Damian Evans3, Robert French4, Ian Moffat5",English,Elsevier,"Angkor, Archaeology, Engineering practice, Koh Ker, Lidar, Palaeohydrology, Trial and error, Water management",Journal of Archaeological Science,Volume 17,,"This paper examines the construction and design of a 7-km long embankment, probably built for King Jayavarman IV between 928 and 941 CE, as part of a new capital. We calculate that the capacities of the outlets were too small, and conclude that the embankment failed, probably within a decade of construction, so that the benefits of the reservoir stored by the embankment and the access road on top of it were lessened substantially. We explain how the design was sub-optimal for construction, and that while the layout had a high aesthetic impact, the processes for ensuring structural integrity were poor. Simple and inexpensive steps to secure the weir were not undertaken. We speculate that this early failure may have contributed to the decision to return the royal court and the capital of the Khmer Empire to the Angkor region, marking a critically important juncture in regional history.",UNESCO_04,"SITE_00081, SITE_00107",Archaeology,PUB_00079,JNL_00052,J52_VOL17,
PUB_00080,Khmer sandstone quarries of Kulen Mountain and Koh Ker: a petrographic and geochemical study,Article,https://doi.org/10.1016/j.jas.2012.01.007,N,"Metropolitan Museum of Art1, APSARA National Authority2","United States of America1, Cambodia2",2012,"Federico Caro1, Sokrithy Im2",English,Elsevier,"Angkor, Sandstone, Provenance, Petrography, Trace elements",Journal of Archaeological Science,"Volume 39, Issue 5",,"Sandstone from several ancient quarries and natural outcrops located at the eastern foothill of Kulen Mountain and in Koh Ker, northern Cambodia, has been characterized by means of petrographic analysis, scanning electron microscopy, and geochemical analysis. The samples have been collected during a series of field surveys organized jointly by The Metropolitan Museum of Art and the Authority for the Protection and Management of Angkor and the Region of Siem Reap (APSARA). The data show how the sandstone quarried from these sites is characterized by an overall petrographic and geochemical homogeneity, and is consistent with the upper terms of the Lower–Middle Jurassic Terrain Rouge Formation. This result suggests that petrography and geochemistry of sandstone belonging to the Terrain Rouge Formation might not be unambiguously characteristic of single quarry sites, but rather representative of vast portions of the sedimentary sequence.",UNESCO_04,"SITE_00084, SITE_00109, SITE_00102, SITE_00081","Geochemistry, Archaeometry, Geology",PUB_00080,JNL_00052,J52_VOL39_I5,
PUB_00081,Monsoon extremes and society over the past millennium on mainland Southeast Asia,Article,http://doi.org/10.1016/j.quascirev.2014.04.022,N,"Columbia University1, University of Sydney2, Utah State University3, Ecole Francaise d'Extreme-Orient45","United States of America13, Australia2, France45",2014,"Brendan M Buckley1, Roland J Fletcher2, Shi-Yu Simon Wang3, Brian Zottoli4, Christophe Pottier5",English,Elsevier,,Quaternary Science Reviews,Volume 95,,"The early 21st century has seen vigorous scientific interest in the Asian monsoon and significant development of paleo-proxies of monsoon strength. These include the Monsoon Asian Drought Atlas – a 700-year, gridded reconstruction of hydroclimate derived from 327 tree ring records – and several long speleothem records from China and India. Similar progress has been made on the study of monsoon climate dynamics through re-analysis data products and General Circulation Model diagnostics. The story has emerged of a variable monsoon over the latter Holocene, with extended droughts and anomalously wet episodes that occasionally and profoundly influenced the course of human history. We focus on Southeast Asia where an anomalous period of unstable climate coincided with the demise of the capital of the Khmer Empire at Angkor between the 14th and the 16th centuries, and we suggest that protracted periods of drought and deluge rain events, the latter of which damaged Angkor's extensive water management systems, may have been a significant factor in the subsequent transfer of the political capital away from Angkor. The late 16th and early 17th century experienced climate instability and the collapse of the Ming Dynasty in China under a period of drought, while Tonkin experienced floods and droughts throughout the 17th century. The 18th century was a period of great turmoil across Southeast Asia, when all of the region's polities saw great unrest and rapid realignment during one of the most extended periods of drought of the past millennium. New paleo-proxy records and the incorporation of historical documentation will improve future analyses of the interaction between climate extremes, social behavior and the collapse or disruption of regional societies, a subject of increasing concern given the uncertainties surrounding projections for future climate.",UNESCO_04,,"Geography, Anthropology, History",PUB_00081,JNL_00076,J76_VOL95,
PUB_00082,The Iron Kuay of Cambodia: tracing the role of peripheral populations in Angkorian to colonial Cambodia via a 1200 year old industrial landscape,Article,https://doi.org/10.1016/j.jas.2014.04.009,Y,"Centre National de la Recherche Scientifique1, University of Illinois2, Royal Academy of Cambodia3, University College London4, Paris Saclay University5, Australian Nuclear Science and Technology Organisation6 ","France15, United States of America2, Cambodia3, United Kingdom4, Australia6",2014,"Thomas Oliver Pryce1, Mitch Hendrickson2, Kaseka Phon3, Sovichetra Chan, Michael F Charlton4, StÃ©phanie Leroy, Philippe Dillmann5, Quan Hua6",English,Elsevier,"Southeast Asia. Cambodia, Angkor, Archaeometallurgy, Iron smelting, Kuay",Journal of Archaeological Science,Volume 47,,"The Industries of Angkor Project (INDAP) is the first scientific study combining investigation of the chronology, supply network and technology of raw and finished iron within Angkorian (9th to 15th c. AD), Middle Period (15th to 19th c. AD) and Colonial (1863-1953) Cambodia. This paper is concerned with the production technology employed at five iron smelting sites in the northern province of Preah Vihear, three loci within the enclosure walls of the Angkorian Preah Khan complex and two, c. 30 km east, near Phnom Dek or `Iron Mountain'. The Phnom Dek area is a historic homeland of the ethnic minority Kuay people, who continued to smelt iron from local mineral sources into the 1940s. With the aim of testing a previously proposed `Angkorian Kuay' hypothesis, that Kuay ancestors were responsible for Angkorian period iron smelting at Preah Khan of Kompong Svay (Preah Khan), the objective of this preliminary study was to establish whether any technological continuity could be detected across a 1200 year old industrial landscape, and thus if any socio-culturally homologous relations could be proposed for the ironmakers respectively responsible. Our preliminary results suggest that the iron smelting remains at Preah Khan date from Angkor's terminal phase and into the subsequent Middle Period, whereas as the two studied production sites near Phnom Dek range from the 9th-11th c. AD and to the 19th/20th c. AD. Preah Khan and Phnom Dek production systems appear to have used different iron ore sources but, in the absence of well-preserved furnace remains, statistical analysis of slag chemistry indicates a technological conservatism spanning more than a millennium. At this stage the `Angkorian Kuay' model can be neither rejected nor sustained but the complexity of Preah Vihear province's settlement and industrial history is becoming increasingly apparent and will only become clearer with further excavation and study of chronologically and geographically intermediate sites. (C) 2014 Elsevier Ltd. All rights reserved.",UNESCO_02,,"Anthropology, Archaeology, Geology",PUB_00082,JNL_00052,J52_VOL47,
PUB_00083,The Thai-Cambodian Border in International Relations: Constructing a Third Space in Geopolitics,Article,https://doi.org/10.1177/18681034251385116,Y,Ubon Ratchathani University,Thailand,2025,Thanachate Wisaijorn,English,GIGA Institut für Asien-Studien,"Public perspectives, cultural heritage engagement, peace values, Preah Vihear Temple, Cambodia",Journal of Current Southeast Asian Affairs,Volume 0,,"This article explores Thai-Cambodian border relations through the lens of critical geopolitics, challenging state-centric frameworks in International Relations (IR). Drawing on the concept of the territorial trap - which critiques the assumption of self-contained states and elite control over border narratives - it argues that Thai-Cambodian interactions remain shaped by such spatial orthodoxies. While military disputes, notably the Preah Vihear conflict and the recent clashes of July 2025, dominate, they obscure the complex realities of the border. Instead, this article introduces the concept of the Third Space, highlighting diverse actors and lived experiences of borderland. This approach shifts the focus from fixed geopolitical lines to everyday practices of negotiation and contestation. The analysis reveals that although the discussion of Thai-Cambodian relations is historically grounded and economically informed, it can perpetuate the territorial trap if filtered through statist logics. The article thus advocates multidisciplinary, people-centric approaches that reconceptualise borders as contested and socially embedded spaces.",UNESCO_02,SITE_00113,"International Relations, Public Administration, Law",PUB_00083,JNL_00055,J55_VOL0,
PUB_00084,Pre-Angkorian Settlement Trends In Cambodia's Mekong Delta And The Lower Mekong Archaeological Project,Article,https://doi.org/10.7152/bippa.v26i0.11998,N,University of Hawaii,United States of America,2007,Miriam T Stark,English,Indo-Pacific Prehistory Association,"early states, settlement systems, Mekong delta, Cambodia, Khmer, Southeast Asia, pre-Angkorian, Angkor Borei, Lower Mekong Archaeological Project, Cambodia, Archaeology",Bulletin of the Indo-Pacific Prehistory Association,Volume 26,,"Polities in the Mekong delta played a central role in regional developments between 500 BC and AD 500. Documentary data suggest the delta reached its political apex during the 3rd through 7th centuries. What were the roots of early polities in this region, and what was their organization? Research by the Lower Mekong Archaeological Project seeks to answer these questions through field investigations in southern Cambodia. Excavations at the ancient capital of Angkor Borei suggest a continuous occupation of the area from the 4th century BC onwards, the timing, development and nature of interregional networks are now under study. This presentation describes some results of research at Angkor Borei, and discusses ongoing research on the communication and settlement systems that characterized the northern section of the Mekong delta from 500 BC to AD 500.",UNESCO_03,,"Archaeology, Sociology",PUB_00084,JNL_00021,J21_VOL26,
PUB_00085,Solution Characteristics of Carbonate Rocks at the Angkor Wat Temple in Northwestern Cambodia under a Tropical Climate,Article,https://doi.org/10.5026/jgeography.126.343,N,Nihon University,Japan,2017,"Asami Hada, Tetsuya Waragai",Japanese,J-STAGE,"limestone, marble, solution rate, tropical climate, field experiment",Journal of Geography (Chigaku Zasshi),"Volume 126, Issue 3",,"This study aims to clarify the solution characteristics of carbonate rock tablets in a tropical savannah climate. The study site is located within the ruins of the Angkor Wat Temple in north western Cambodia. Two kinds of carbonate rock from Japan were used: middle Carboniferous limestone from the Akiyoshi-dai Plateau and marble from the Abukuma Mountains. The tablets used in the experiment were fashioned into discs 40 mm in diameter and 4 mm in thickness. They were then placed horizontally in a secure rack 120 cm above the ground, next to a weather station, and remained exposed from August 24, 2011 to March 15, 2014 (a duration of 934 days). The tablets were weighed before, during, and after the experiment in order to measure changes due to dissolution effects. The initial weights of the tablets were 13.624 g for limestone and 13.700 g for marble, on day 934, their dry weights were 13.523 g for limestone (99.26\% of initial weight) and 13.630 g for marble (99.49\% of initial weight). The experiment produced three major results: (1) limestone dissolves faster than marble, (2) solution occurred most rapidly during the initial test period, and thereafter progressed constantly but at a lower rate, (3) the observed solution rate under a tropical savannah climate was lower than previously reported values from a humid temperate climate derived from equivalent methods. The faster solution of limestone is thought to occur because limestone has a higher composition of fine-grained calcite than marble, therefore, it has a larger surface area, which is more conducive to solution reactions. In tandem with surface solution of post-test tablets, calcite surfaces are covered with recrystallized products, such as speleothems. Thus, under a tropical savannah climate with a clearly defined dry season, recrystallization associated with moisture loss is likely to reduce the solution rate. For solution processes to progress most effectively within carbonate rock, appropriate temperature conditions are not sufficient, continuous contact with water is also essential.",UNESCO_01,SITE_00030,Geography,PUB_00085,JNL_00057,J57_VOL126_I3,
PUB_00086,Temple Layout Of Chok Gargyar With Prasat Thom As Center Complex,Article,https://doi.org/10.3130/aija.75.2709,N,Waseda University,Japan,2011,"Ichita Shimoda, Katsura Sato, Akinori Mizoguchi, Takeshi Nakagawa",English,J-STAGE,"Cambodia, Khmer, Koh Ker, Chok Gargyar, Urban Plan",Journal of Architecture and Planning,"Volume 75, Issue 657",,"In the ancient Khmer city Chok Gargyar, many archaeological remains including temples and other religious facilities and several types of the civil structures were newly documented in a survey from 2007 to 2010. This paper showed that there is certain significant meaning to the positions of archaeological remains distributed throughout this ancient city. The temples appear to be distributed irregularly at a glance, but those located around Prasat Thom came to be seen as sharing a common plan. It was also found that the approach from the royal road to the city led to the central temple of Prasat Thom, and that the straight pilgrimage route ran straight to the pyramid temple “Prang” with were landmarks of this city. Worshipers and the center of the city were not only connected by a symbolic, invisible relationship, but they were also visibly related, as though in manifestation of the ruler's strong unifying power.",UNESCO_04,SITE_00081,"Architecture, Urban History",PUB_00086,JNL_00053,J53_VOL75_I657,
PUB_00087,"Alteration Of An Early Khmer Temple Complex, Prasat Sambor",Article,https://doi.org/10.3130/aija.73.1363,N,Waseda University,Japan,2008,"Ichita Shimoda, Takeshi Nakagawa",English,J-STAGE,"Cambodia, Khmer, Pre Angkor, Sambor Prei Kuk, Isanapura",Journal of Architecture and Planning,"Volume 71,  Issue 603",,"Prasat Sambor is one of the main temple complex in the Khmer ancient city, Isanapura. Two different periods of inscriptions that indicate 7th and 10th century have been confirmed in this temple up to now. In addition, previous studies on the style of stone sculptures, architectural decorative elements and excavated artifacts also interpreted the various date from 7th century when it was constructed at earliest stage to late Angkor period. By the recent archaeological excavation survey, many alteration traces of the buildings were recognized. Especially, there are double structures were found under the east gate of middle enclosure, and original temple design was conjectured different from final phase. This paper discussed on the transition of the alteration of this temple complex",UNESCO_03,SITE_00146,"Archaeology, Architecture",PUB_00087,JNL_00053,J53_VOL71_I603,
PUB_00088,"A study on a structure of the ancient city, Isanapura Part I",Article,https://doi.org/10.3130/aija.71.211_3,N,Waseda University,Japan,2006,"Ichita Shimoda, Takeshi Nakagawa",English,J-STAGE,"Cambodia, Khmer, Pre Angkor, Sambor Prei Kuk, Isanapura",Journal of Architecture and Planning,"Volume 73,  Issue 628",,"Sambor Prei Kuk monument is identified as ISANAPURA where was a capital city of Chanla dynasty in the 7th century. A lot of the remains such as brick shrine, moat, rampart, embanked causeway and so on were newly documented by the exploratory investigation in this ancient city. This paper discussed on the distribution of these remains and some features, the causeway extended from the temple complex to the Sen river, and moated site where conjectured as a core area of this ancient city.",UNESCO_03,,"Archaeology, Urban History",PUB_00088,JNL_00053,J53_VOL73_I628,
PUB_00089,On The Dimensional Plan In Prasat Sambor Monuments In Sambor Prei Kuk Monuments,Article,https://doi.org/10.3130/aija.84.1463,N,Waseda University,Japan,2019,"Ichita Shimoda, Takeshi Nakagawa, Masaki Koiwa",English,J-STAGE,"Khmer Architecture, Pre-Angkor, Sambor Prei Kuk Monumnets, dimensional plan, methods of design",Journal of Architecture and Planning,"Volume 84,  Issue 760",,"Sambor Prei Kuk Monuments were functioned as huge-scale heritage of city between the period of Pre-Angkor and Angkor. These Monuments are regarded as ""Īsānapura"" and ""伊奢那城"" appered in Chinese historical documents and inscriptions. These Monuments were registered UNESCO World Heritage Site in 2015 based on the historical importance and the sites have been restored vigorously. However, the architectural study is not progressed actively, especially about the planning methods of brick structures. The purpose of this study is to revealing the method of planning the structure based on recent studies about dimensional planning of Khmer temple complex achived certain results. Sambor Prei Kuk Monuments is bisected by O-Kru-Ker River and west Zone called ""city zone"" and east zone is called ""temple zone"". In temple zone, three main complexes of temple: North Group, Central Group and South Group, are situated, and many brick shrines situated in. These Monuments were functioned as capital of Chenla from 6 century. After transfered to Angkor period, these were functioned as provincial city subtend Angkor area. Recent studies of methods of plan Khmer temples in structures in Angkor period, reveal that the modules of architectural planning are ""hasta"" and ""vyama"" based on body length. In Pre-Angkor period. the values of module are estimated close to those. Therefore the purpose is to reason the value of module in times of Pre-Angkor and the basical planning. Through the analyzing N1, N7, N8, N9, N10, N11, N12, N13, N14, N18, and N22, the value of module is estimated about 410 mm = 1 unit. However, some groups of module are confirmed as around unit = 420, 410 and 400 mm. The shrines belong to group of unit = 420 mm are rectangle plan and situated between middle and outer enclorsure. The shrines of rectangle plan is positioned in early times in Khmer history, so the larger module compared with other shrines may be possible to regard as low-level of construction. On the other hand, the different of value may be distinguished depending in module of finger intentionally. About the basical planning, for example of N13 tower, inner chamber is rectangle and outer wall is square plan. In the analyzed structures, the form of plan is the only and characteristic. The planning is regarded as secondly manipulation. Therefore, all plans of rectangle should not be placed in early times in Angkor easily. In additions to that, two tendencies are indicated those are relationship thikness of wall and innner chamber. About shrines of rectangle plan, the dimension of shorter side and thickness of wall proportional relationship. The directions of development transition are observed in two tendencies. Accordingly, the result of analysis reveal the each basical planning and values of module. As the result, the values of module apprpach to that of Angkor-period. However, the different of these values are necessary to examine carefully. That the module of dimension changes significantly would not be expected in brief period. There is the possibility that shrines of rectangle plan are designed the way that is different with square plans. In addditon to that, the planning method involved with thickness of wall closely. The shorter side of inner chamber and thickness of wall is propotional relationship. It may be possible to obtain the structural index. Therefore, rectangle plans and square plans are different explicitly in methods of planning. It is supposed that the square plan is intend to expand the area of chamber. The age of planning is possible to evaluate with accurancy construction. On the other hand, it is necessary to analysis the detail of each and other sites.",UNESCO_03,SITE_00146,"Archaeology, Architecture",PUB_00089,JNL_00053,J53_VOL84_I760,
PUB_00090,Heritage and Development: Lessons from Cambodia,Article,https://doi.org/10.1179/1465518714Z.00000000071,N,Australian National University,Australia,2014,Dougald JW Oâ€™Reilly,English,Maney Publishing,"heritage, development, Cambodia, lessons, looting",Public Archaeology,"Volume 13, Issue 1-3",,"The destruction of cultural heritage is motivated by many factors, but most often in the developing world the motivation is extreme poverty. Local people living in areas rich in cultural heritage assets are often either mute bystanders to theft or active participants, encouraged by middlemen to excavate illicitly or chip ornamentation from temples. Heritage Watch, an international heritage preservation organization, launched an initiative at the Koh Ker temple complex in Cambodia that stressed the sustainable use of heritage and education for the benefi t of preservation. The lessons learned during this project have been applied in the organization’s new initiative at Banteay Chhmar, Cambodia.",UNESCO_04,,Heritage Science,PUB_00090,JNL_00075,J75_VOL13_I1,
PUB_00091,Estimated Construction Order of the Major Shrines of Sambor Prei Kuk Based on an Analysis of Bricks,Article,https://doi.org/10.3390/heritage2030118,Y,"University of Tsukuba1, Waseda University2",Japan,2019,"Ichita Shimoda 1,Etsuo Uchida 2, Kojiro Tsuda 2",English,MDPI,"construction order, architectural chronology, brick, X-ray fluorescence analyzer, Khmer, Sambor Prei Kuk, pre-Angkor, Southeast Asia",Heritage,"Volume 2, Issue 3",,"Sambor Prei Kuk is a predominantly brick monument complex identified as Ishanapura, the capital of the Chenla Dynasty, which reached the height of prosperity in the first half of the 7th century. In the east area of this ancient city, the religious area was formed by three temple complexes which are composed of brick shrines and a multiple number of smaller temples with single or a few shrines scattered in the area. One of the challenging issues is to identify the dates and order in which these structures are constructed. Previous studies based on epigraphy and decorative style have estimated a simple dating of the three temple complexes. In this research, 59 major brick structures which are relatively well preserved in this area were analyzed in terms of the size and chemical composition of their component bricks. This analysis revealed that these brick structures can be classified into several groups corresponding to construction stages. The results revealed that the individual shrines in each temple complexes were built in a more complex process than previously stated, and the construction stages of the individual shrines in the vicinity were also identified as an equally complex process.",UNESCO_03,"SITE_00146, SITE_00132, SITE_00123, OBJ_00141","Archaeology, Art, Urban History",PUB_00091,JNL_00038,J38_VOL2_I3,
PUB_00092,Large Terrace Structure Unearthed in the Heart of the City Zone of Isanapura: Could It Be the ‘Great Hall’ Described in the Book of Sui,Article,https://doi.org/10.3390/heritage8070258,Y,"University of Tsukuba1, National Authority for Sambor Prei Kuk2, Cambodian National Commission for UNESCO3","Japan1, Cambodia23",2025,"Ichita Shimoda1, Chan Vitharong 2, Chhum Menghong 3",English,MDPI,"Khmer, Angkor, urban planning, royal palace, Chinese documents, archaeological excavation, dating, ceramic, LiDAR",Heritage,"Volume 8, Issue 7",,"The archaeological complex of Sambor Prei Kuk is identified with and Imacr,and sacute,and amacr,napura, the capital of the Chenla Kingdom in the early 7th century, a political predecessor to the Angkor Empire. Previous studies have largely focused on the eastern temple zone, where numerous Hindu religious structures are concentrated, while the western moated city area-presumably the core of urban and political activity-has remained underexplored. This paper presents the results of recent archaeological excavations at a large central mound within the city zone, which is hypothesized to have functioned as a key administrative facility. The excavation revealed a large-scale and uniquely configured terraced structure, unprecedented within the site, and radiocarbon dating suggests its construction dates from the mid 6th to mid 7th century. Notably, a Chinese historical source from the same period, the Book of Sui, describes a ``Great Hall{''} in and Imacr,and sacute,and amacr,napura where the king administered state affairs. The characteristics and spatial context of the excavated structure suggest a possible correspondence with this account. In addition, LiDAR-derived topographic data identified multiple linear and structural features extending eastward from the mound, indicating that it may have stood at the rear of a more extensive administrative compound. These findings offer new insights into the urban structure of and Imacr,and sacute,and amacr,napura and the political architecture of early Khmer civilization.",UNESCO_03,"SITE_00146, SITE_00132, SITE_00123, OBJ_00142","Archaeology, Remote Sensing",PUB_00092,JNL_00038,J38_VOL8_I7,
PUB_00093,Toward an Ethics of Place: Asian Art in/and Digital Art History,Article,https://doi.org/10.3998/ars.4988,Y,University of London,United Kingdom,2023,Stephen H Whiteman,English,Michigan Publishing,"Digital art history, 3-D modelling, public humanities, data ethics, Chinese painting, Japanese prints, Buddhist sculpture, Angkor, landscape",Ars Orientalis,"Volume 53, Issue 11",,,UNESCO_01,SITE_00030,"Art, Sociology, Digital Humanities",PUB_00093,JNL_00014,J14_VOL53_I11,
PUB_00094,A metaverse based digital preservation of temple architecture and heritage,Article,https://doi.org/10.1038/s41598-025-00039-w,N,Guangdong University of Petrochemical Technology,China,2025,"Dipima Buragohain, Dipamjyoti Buragohain, Yahui Meng, Chaoqun Deng, Sushank Chaudhary",English,Nature,"Temple architecture, Cultural heritage, Digital preservation, Metaverse, Virtual reality, Sacred spaces",Scientific Reports,"Volume 15, Number 15484",,"This study employs a case study design to examine virtual reality (VR) representations of three culturally significant temples in Asia: Kodaiji Temple in Japan, Angkor Wat in Cambodia, and the Shwedagon Pagoda in Myanmar. Each temple was selected for its historical, religious, and architectural importance, offering a comparative view of diverse digital preservation approaches within metaverse. Kodaiji Temple, a Zen Buddhist site in Japan, highlights the VR potential to convey spiritual ambiance along with architectural aesthetics. Cambodia's Angkor Wat, a vast Khmer-style temple complex, presents unique technical challenges in digitally capturing its intricate carvings and expansive layout. Shwedagon Pagoda in Myanmar provides a study in digitizing sacred elements, including ritual practices and symbolism embedded in its structure. Drawing on secondary sources such as historical documents, academic articles, and cultural reports, this study investigates the effectiveness, challenges, and cultural implications of VR in preserving sacred temple architecture. Limitations regarding access to high-resolution VR models and the cultural sensitivities of digitalizing sacred spaces are acknowledged.",UNESCO_01,"SITE_00014, SITE_00030","Digital Humanities, Computer Science",PUB_00094,JNL_00078,J78_VOL15_NUMB15484,
PUB_00095,Microbial deterioration and sustainable conservation of stone monuments and buildings,Review Article,https://doi.org/10.1038/s41893-020-00602-5,N,"University of Hong Kong1, Smithsonian Institution2, National Research Institute for Cultural Properties3, Guangdong Technion Israel Institute of Technology4","China14, United States of America2, Japan3",2020,"Xiaobo Liu1, Robert J Koestler2, Thomas Warscheid, Yoko Katayama3, Ji-Dong Gu4",English,Nature,,Nature Sustainability,Volume 3,,"Biodeterioration of stone monuments and buildings can lead to a loss of world cultural heritage. This Review discusses the role of microbes in the deterioration processes, the biochemical mechanisms involved and possible strategies for sustainable conservation of stone monuments and buildings. Geomicrobially induced deterioration of stone monuments and buildings contributes to a considerable loss of world cultural heritage, especially when exposed to a changing climate or environment. The active biodeterioration processes typically involve biochemical activities and cooperation among functional microorganisms in epilithic biofilms, which assimilate mineral nutrients and metabolize anthropogenic pollutants through biogeochemical cycles. Development of any effective mitigation strategies requires the comprehensive understanding of such processes. We focus on how microbes contribute to the biodeterioration processes through their activities and biogeochemical cycles of elements, discuss biochemical mechanisms involved and provide innovative strategies for sustainable conservation of stone monuments and buildings.",UNESCO_01,SITE_00030,"Microbiology, Geochemistry, Ecology, Heritage Science",PUB_00095,JNL_00070,J70_VOL3,
PUB_00096,Bayesian regression versus machine learning for rapid age estimation of archaeological features identified with lidar at Angkor,Article,https://doi.org/10.1038/s41598-023-44875-0,Y,"Max Planck Society1, University of Toronto2, New York University3, Ecole Francaise d'Extreme-Orient4","Germany1, United States of America23, France4",2023,"W Christopher Carleton1, Sarah Klassen2, Jonathan Niles-Weed3, Damian Evans4, Patrick Roberts1, Huw S Groucutt1",English,Nature,,Scientific Reports,"Volume 13, Number 17913",,"Lidar (light-detection and ranging) has revolutionized archaeology. We are now able to produce high-resolution maps of archaeological surface features over vast areas, allowing us to see ancient land-use and anthropogenic landscape modification at previously un-imagined scales. In the tropics, this has enabled documentation of previously archaeologically unrecorded cities in various tropical regions, igniting scientific and popular interest in ancient tropical urbanism. An emerging challenge, however, is to add temporal depth to this torrent of new spatial data because traditional archaeological investigations are time consuming and inherently destructive. So far, we are aware of only one attempt to apply statistics and machine learning to remotely-sensed data in order to add time-depth to spatial data. Using temples at the well-known massive urban complex of Angkor in Cambodia as a case study, a predictive model was developed combining standard regression with novel machine learning methods to estimate temple foundation dates for undated Angkorian temples identified with remote sensing, including lidar. The model's predictions were used to produce an historical population curve for Angkor and study urban expansion at this important ancient tropical urban centre. The approach, however, has certain limitations. Importantly, its handling of uncertainties leaves room for improvement, and like many machine learning approaches it is opaque regarding which predictor variables are most relevant. Here we describe a new study in which we investigated an alternative Bayesian regression approach applied to the same case study. We compare the two models in terms of their inner workings, results, and interpretive utility. We also use an updated database of Angkorian temples as the training dataset, allowing us to produce the most current estimate for temple foundations and historic spatiotemporal urban growth patterns at Angkor. Our results demonstrate that, in principle, predictive statistical and machine learning methods could be used to rapidly add chronological information to large lidar datasets and a Bayesian paradigm makes it possible to incorporate important uncertainties-especially chronological-into modelled temporal estimates.",UNESCO_01,,"Remote Sensing, Archaeology",PUB_00096,JNL_00078,J78_VOL13_NUMB17913,
PUB_00097,Combining Statistical Tools and Ecological Assessments in the Study of Biodeterioration Patterns of Stone Temples in Angkor (Cambodia),Article,https://doi.org/10.1038/srep32601,Y,"Roma Tre University1, National Research Institute for Cultural Properties3, European Commission Joint Research Centre4","Italy14, Canada2, Japan3 ",2016,"Giulia Caneva1, Flavia Bartoli1, Valentina Savo1, Y Futagami3, Giovanni Strona4",English,Nature,,Scientific Reports,"Volume 6, Number 32601",,"Biodeterioration is a major problem for the conservation of cultural heritage materials. We provide a new and original approach to analyzing changes in patterns of colonization (Biodeterioration patterns, BPs) by biological agents responsible for the deterioration of outdoor stone materials. Here we analyzed BPs of four Khmer temples in Angkor (Cambodia) exposed to variable environmental conditions, using qualitative ecological assessments and statistical approaches. The statistical analyses supported the findings obtained with the qualitative approach. Both approaches provided additional information not otherwise available using one single method. Our results indicate that studies on biodeterioration can benefit from integrating diverse methods so that conservation efforts might become more precise and effective.",UNESCO_01,"SITE_00045, SITE_00037, SITE_00014, SITE_00038","Microbiology, Geochemistry, Heritage Science",PUB_00097,JNL_00078,J78_VOL6_NUMB32601,
PUB_00098,Impact of tree canopy cover on the local thermal environments at the Angkor temples of Cambodia,Article,https://doi.org/10.1038/s41598-025-07695-y,Y,Nihon University,Japan,2025,Tetsuya Waragai,English,Nature,"Stone-built heritage, Weathering, Tree canopy shade, Solar shielding effect, Thermal buffering",Scientific Reports," Volume 15, Number 20718",,"The Angkor monuments in Cambodia were built between the 9th and 14th centuries CE and were subsequently buried in the jungle. Conservation and restoration projects that began in the early 20th century cut down the surrounding trees, which created a high-temperature environment that may affect the weathering of the stone materials. The temples of Angkor Wat, Banteay Kdei, and Ta Prohm were selected for study, and the measured temperature distributions were compared to evaluate the effects of the tree canopy cover on the thermal environment. Land cover analysis was performed by using remote sensing imagery. Angkor Wat had the least tree canopy cover among the temples. It also had a much higher surface temperature than the other temples in both the dry and rainy seasons. The ambient temperature measurements indicated that the temples were 1-5 degrees C warmer at night than the surrounding forest. The tree canopy cover was found to have a strong influence on the thermal environment of the temples, whose stone materials have a higher volumetric heat capacity than trees. The increased temperature and humid tropical environment are likely to accelerate the physical weathering of the stone.",UNESCO_01," SITE_00030, SITE_00003, SITE_00038","Heritage Science, Remote Sensing, Climatology",PUB_00098,JNL_00078,J78_VOL15_NUMB20718,
PUB_00099,Temporal changes in Angkorian ironmaking technology in Northern Cambodia during the 10th-14th centuries,Article,https://doi.org/10.1038/s41598-025-27581-x,Y,"Chiba Institute of Technology1, Waseda University2",Japan,2025,"Keishiro Azami1, Etsuo Uchida2, Aoi Mizumori2, Yoshimitsu Kobayashi2, Kaito Kuriyama2, Tamaki Nakamura2, Yasuhiro Kato1",English,Nature,"Bloomery iron smelting, Angkorian empire, Cambodia, Laterite, Isotope geochemistry",Scientific Reports,"Volume 15, Number 43699",,"The Khmer people constructed numerous monuments from the 9th to 15th centuries (Angkor period) using iron tools. Ancient ironmaking sites have been identified as slag mounds near Khmer monuments. However, details of the ironmaking technology used during the Angkor period remain unknown. Herein, we show the temporal changes in ironmaking technology in northern Cambodia, which was a major iron-producing region of the Angkorian Empire. The chemical and Nd-Sr-Pb isotopic compositions of slag and ore samples indicate that Angkorian iron producers used diverse ores and employed at least two distinct ore formulations. From the late 10th to early 13th centuries, laterite and umber were used as iron ores with the addition of Mn oxide and sulphide ores, resulting in high iron yield. This technique may have evolved in response to increased iron demand during the peak of the Angkorian Empire. However, after the late 13th century, ironmaking became less efficient, relying solely on laterite and magnetite ores without additives, which coincided with the decline of the Angkorian Empire. The efficient ironmaking method was lost with only a part of the technique possibly being transferred to another area. These results provide new insight into how technological changes in iron production were linked to the socio-economic dynamics and eventual decline of the Angkorian Empire.",UNESCO_01,,"Archaeometry, Archaeology",PUB_00099,JNL_00078,J78_VOL15_NUMB43699,
PUB_00100,Construction sequence of the Koh Ker monuments in Cambodia deduced from the chemical composition and magnetic susceptibility of its laterites,Article,https://doi.org/10.1186/2050-7445-2-10,Y,"Waseda University1, University of Tsukuba2",Japan,2014,"Etsuo Uchida1, Kojiro Tsuda1, Ichita Shimoda2",English,Nature,"Cambodia, Chemical composition, Construction sequence, Koh ker monuments, Laterite, Magnetic susceptibility",Heritage Science,"Volume 2, Number 10",,"Introduction: Koh Ker, one of the provincial cities of the Khmer Empire, was located approximately 85 km northeast of the Angkor monuments. The temples in the Koh Ker monuments were mainly constructed from laterite, sandstone and brick between 921 and 944 AD. The laterites used in the Koh Ker monuments are difficult to classify based on their appearance. However, using a portable X-ray fluorescence analyzer it was possible to distinguish two distinct types of laterite based on Sr content. Results: Laterite blocks used in construction of the Koh Ker monuments either had a low Sr content of less than 300 ppm or a high Sr content of greater than 400 ppm. Significant quantities of quartz were observed in the low Sr content laterites, whereas the high Sr content laterites had relatively low quartz content. Differences in the magnetic susceptibility also were observed for these laterites. Using both Sr contents and magnetic susceptibilities of the laterite blocks, in combination with the assumption that the construction site proceeded in an outward manner, we identified five distinct laterite types associated with different stages of construction. Conclusions: Five different stages of construction were identified in the buildings of the Koh Ker monuments, each stage is characterized by a different laterite source rock. We believe that the brick sanctuaries are the oldest buildings, followed by the sandstone sanctuaries, while the laterite sanctuaries were constructed last. The laterite blocks with high Sr content were likely supplied from quarries around the Srayang village, which is located immediately to the south of the Koh Ker monuments, provenance of the low Sr content laterites is yet to be determined.",UNESCO_04,"SITE_00084,SITE_00103,SITE_00107,SITE_00081,SITE_00109,SITE_00101,SITE_00081,SITE_00088,SITE_00100,SITE_00106,SITE_00094,SITE_00087","Archaeometry, Archaeology, Materials Science",PUB_00100,JNL_00039,J39_VOL2_NUMB10,
PUB_00101,Determining the construction sequence of the Preah Vihear monument in Cambodia from its sandstone block characteristics,Article,https://doi.org/10.1186/s40494-017-0155-0,N,"Waseda University1, Meijo University2, University of Tsukuba3",Japan,2017,"Etsuo Uchida1, Akinori Mizoguchi2, Hiroya Sato1, Ichita Shimoda3, Ryota Watanabe1",English,Nature,"Preah Vihear, Sandstone, Chemical composition, Magnetic susceptibility, Portable XRF, Construction sequence, Cambodia",Heritage Science,"Volume 5, Number 42",,"The Preah Vihear monument in Cambodia, located close to the border with Thailand, was one of the Khmer temples registered on the UNESCO World Heritage List as a Cultural Property in 2008. It consists of masonry buildings constructed of siliceous sandstone blocks. In this study, the construction sequence of its buildings was inferred from the chemical composition, magnetic susceptibility, and size of the sandstone blocks, along with pediment end style, and the presence or absence of reliefs on the tympana of adjacent buildings. Five construction stages were identified. We revealed that the Western Annex Hall (N2) is the oldest edifice in the Preah Vihear monument. We also reconfirmed that the Preah Vihear monument was constructed over a range of years, spanning the Bakheng style period to the Angkor Wat style period (the end of the 9th century to the end of 12th century). It was clarified that during the construction of Preah Vihear, the style of pediment ends changed from pediments ending in scrolls made from one block, to pediments ending in scrolls made from two blocks, and finally to pediments ending in five-headed nagas. Over the same time span, the size of the sandstone blocks used in construction increased markedly.",UNESCO_02,SITE_00113,"Art,  Geochemistry, Materials Science, Architecture",PUB_00101,JNL_00039,J39_VOL5_NUMB42,
PUB_00102,"A study on the possible construction order of the temples in Mahendraparvata on the summit of Kulen Mountain, Cambodia, based on brick and sandstone materials",Article,https://doi.org/10.1038/s40494-025-01576-3,Y,"Waseda University1, Chiba Institute of Technology2",Japan,2025,"Etsuo Uchida1, Aoi Mizumori1, Kaito Kuriyama1, Keishiro Azami2",English,Nature,,Heritage Science,"Volume 13, Number 15",,"The Angkor monument is a group of temples built between the 9th and 15th centuries. Mahendraparvata, the first capital of the Angkor Empire, was built by King Jayavarman II on the summit of Kulen Mountain, similar to 35 km northeast of Siem Reap, Cambodia. In this study, we investigated the building materials of the 18 temples that make up Mahendraparvata and found that mainly bricks were used in the construction of temples in Mahendraparvata. Gray sandstone, derived from the Phu Kradung Formation (the Red Terrain Formation) of the late Jurassic to early Cretaceous age (distributed in the southeastern foothills of Kulen Mountain and widely used throughout the Angkor monument), was used in small quantities at the door frames, stairs, and lintels of the temples. Chemical composition measured with a portable X-ray fluorescence analyzer and magnetic susceptibility measured with a portable magnetic susceptibility meter were conducted on the brick and sandstone materials, and the thickness of the bricks was also measured. On the basis of the magnetic susceptibility and Rb content of the bricks, the 18 investigated temples were categorized into three groups: Groups A, B, and C. The Rb content of the gray sandstone revealed that Group A differs from Groups B and C. Temples in Group A, namely Prasat O Phaong, Prasat Khmum, and Prasat Kraham (I and II), are aligned in a straight line, and Prasat O Phaong, Prasat Rong Chen, and Prasat O Top are also aligned in a straight line. The intersection of these two lines is at Prasat O Phaong. This suggests a possible relationship among the temples in Group A. Temples in Group A tend to be in better condition than those in other groups. The thickness of the bricks used in the temples of Mahendraparvata is between the thickness of bricks used in the Sambor Prei Kuk monument from the pre-Angkorian period and those of the temples of Hariharalaya, the next capital after Mahendraparvata. During these periods, there was an overall trend of decreasing brick thickness over time, suggesting a technical connection among these monuments.",UNESCO_03,,"Archaeology, Architecture, Urban History",PUB_00102,JNL_00039,J39_VOL13_NUMB15,
PUB_00103,Interior Polychromy and Wall Paintings in Khmer Brick Temples of the 9th and 10th Century in Cambodia,Book Chapter,https://doi.org/10.2307/j.ctv1ntg9b.27,N,University of Cologne,Germany,2014,"Susanne Runkel, Hans Leisen, Esther Von Plehwe-Leisen, Robert Fuchs",English,NUS Press,,,,Connecting Empires and States,"During research activities and conservation interventions on khmer brick temples, traces of decorative paintings and polychromy have been discovered in the interior of the Prasats. a broad assessment in 19 selected brick temples of the 9th and 10th century ad has revealed that the inside was originally covered with wall paintings or polychromic decoration. this paper presents an overview of the different decoration systems derived from evidence found in the temples. the investigation focused primarily on the documentation of the important ornamental and figurative wall paintings in the temples Preah ko in Rolous, Prasat thom in koh ker and Prasat neang khmau in takeo Province. Painting techniques were studied in detail and materials analyzed. Some of the decorative patterns were visualized by virtual reconstruction using forms from the stucco and stone ornaments of the outer decoration as a guide. these findings contribute to a deeper understanding of khmer art.",UNESCO_04,"SITE_00019, SITE_00081, SITE_00107","Art, Archaeometry, Conservation Science",PUB_00103,,,BOOK_00003
PUB_00104,The Preah Vihear Case and Regional Customary Law,Article,https://doi.org/10.1093/chinesejil/jmp038,N,University of Ottawa,Canada,2010,Andreas Buss,English,Oxford Academic,,Chinese Journal of International Law,"Volume 9, Issue 1",,"The issue of the Preah Vihear case (1962) in international law has long been debated, and even today creates tensions between Thailand and Cambodia. This article analyses Siam's position within the international law structure in the early twentieth century when the issue arose, it also reminds the reader of a tradition in international law theory which does not consider international law and municipal law as essentially different, and on this basis suggests that there is a regional (Buddhist) customary law and regional principles in Thailand and the surrounding regions of Southeast Asia that could profitably have been considered by the International Court of Justice.",UNESCO_02,SITE_00113,Law,PUB_00104,JNL_00023,J23_VOL9_I1,
PUB_00105,Temple Looting in Cambodia: Anatomy of a Statue Trafficking Network,Article,https://doi.org/10.1093/bjc/azu038,N,University of Glasgow,United Kingdom,2014,"Simon Mackenzie1, Tess Davis1",English,Oxford University Press,"trafficking, smuggling, cultural heritage, cultural property, cultural objects, antiquities, organized crime, transnational crime",The British Journal of Criminology,"Volume 54, Issue 5",,"Qualitative empirical studies of the illicit antiquities trade have tended to focus either on the supply end, through interviews with looters, or on the demand end, through interviews with dealers, museums and collectors. Trafficking of artefacts across borders from source to market has until now been something of an evidential black hole. Here, we present the first empirical study of a statue trafficking network, using oral history interviews conducted during ethnographic criminology fieldwork in Cambodia and Thailand. The data begin to answer many of the pressing but unresolved questions in academic studies of this particular criminal market, such as whether organized crime is involved in antiquities looting and trafficking (yes), whether the traffic in looted artefacts overlaps with the insertion of fakes into the market (yes) and how many stages there are between looting at source and the placing of objects for public sale in internationally respected venues (surprisingly few).",UNESCO_04,,"Art, Criminology",PUB_00105,JNL_00084,J84_VOL54_I5,
PUB_00106,A New Phase of the Temple of Preah Vihear Dispute before the International Court of Justice: Reflections on the Indication of Provisional Measures of 18 July 2011,Article,https://doi.org/10.1093/chinesejil/jmr051,N,University of Copenhagen,Denmark,2012,Yoshifumi Tanaka,English,Oxford University Press,,Chinese Journal of International Law,"Volume 11, Issue 1",,"On 18 July 2011, the International Court of Justice indicated provisional measures with regard to the Temple of Preah Vihear dispute between Cambodia and Thailand. This article seeks to examine the provisional measures focusing particularly on the following issues: the role of provisional measures in cases involving the use of force, the Courts power to indicate non-aggravation measures, the validity of a provisional demilitarized zone created by the Court and the validity of the plausibility test as a distinct condition for provisional measures.",UNESCO_02,SITE_00113,Law,PUB_00106,JNL_00023,J23_VOL11_I1,
PUB_00107,The International Politics of Cultural Heritage Crime in Cambodia,Book Chapter,https://doi.org/10.1057/978-1-137-54405-6_33,N,"The Antiquities Coalition1, Victoria University2","United States of America1, New Zeeland2",2019,"Tess Davis1, Simon Mackenzie2",English,Palgrave Macmillan,,,,The Palgrave Handbook on Art Crime,"Today Mesopotamia is a global hotspot for the looting and trafficking of cultural heritage, but four decades ago it was Indochina: Vietnam, Laos and Cambodia. In Cambodia, internationally celebrated for the temple of Angkor Wat, fighting erupted between government forces and the Khmer Rouge in 1970. As is happening today in Iraq and Syria, Cambodia’s bloody conflict accelerated the development of organized antiquities looting and trafficking, which in turn helped to bankroll the fighting for some of those involved. As we see today in the Middle East, this pillage went hand in hand with the cultural cleansing of thousands of Buddhist, Muslim and Christian sites. Even as this tragedy is being repeated today in the Cradle of Civilization, Cambodia and the art world continue to struggle with the aftermath of cultural crimes committed in the “Killing Fields,” as well as the difficulties of protecting the country’s heritage going forward. Nor is Cambodia alone in facing such challenges. Using Cambodia as a case study, this chapter explores policy and practice surrounding the repatriation of antiquities that were stolen in the past, on the one hand, and the protection of heritage sites from plunder in the future, on the other hand. Reflecting on the history of archaeological looting in the kingdom—as well as the contemporary diplomacy that the Royal Government of Cambodia is now practicing to recover its stolen heritage from overseas collections—we consider the possible connections between repatriation claims, market sensibilities and the prevention of looting at the local level.",UNESCO_04,,"Law, Criminology, Heritage Science",PUB_00107,,,BOOK_00004
PUB_00108,"Réflexions à propos du patrimoine urbain en Asie du Sud-Est, sur le versant de l'""UNESCO-isation""",Article,https://doi.org/10.4000/moussons.6417,Y,Centre National de la Recherche Scientifique,France,2020,Charles Goldblum,French,Presses Universitaires de Provence,"Angkor, Askew Marc, Bangkok, Chiang Mai, Chinatown, city, cultural landscape, heritage (urban-, world-), heritage making, internationalisation, kampung/ kampong, King Victor T, Luang Prabang, moradok, mueang boran, projects, shophouse, Singapore, slum/salam, translation, UNESCO(-isation), words",Moussons,Volume 36,,"Far from occupying a prevailing position in the field of preservation of the ancient centres of active cities in South-East Asia, UNESCO is nevertheless gaining in influence through programmes open to the socio-economic and environmental aspects of urban heritage protection. Observing this trend and its implications for the internationalisation of the heritage field in South-East Asia, the present article addresses two themes: the entry of heritage interventions into the world of urban projects, and the internationalisation of the heritage vocabulary used to qualify spaces, with the translation issues raised by expressions such as ``cultural landscape{''} and ``creative city{''} ensuring their assignment to related intervention programmes. These reflections are based in particular on a critical reading of the contributions to the book UNESCO in Southeast Asia. World Heritage Sites in Comparative Perspective edited by Victor T. King (2016a)-an author from whom we borrow the term ``UNESCO-isation{''}.",UNESCO_01,SITE_00030,"Urban History, Sociology, Heritage Science",PUB_00111,JNL_00069,J69_VOL36,
PUB_00109,The Environmental Impact of Cambodia's Ancient City of Mahendraparvata (Phnom Kulen),Article,https://doi.org/10.1371/journal.pone.0084252,Y,"University of Sydney1, Archaeology and Development Foundation2","Australia1, United Kingdom2",2014,"Dan Penny1 ,Jean-Baptiste Chevance2,David Tang1,StÃ©phane De Greef2",English,Public Library of Science,,PLoS ONE,"Volume 9, Issue 1",,"The Khmer kingdom, whose capital was at Angkor from the 9th to the 14th-15th century, was founded in 802 by king Jayavarman II in a city called Mahandraparvata, on Phnom Kulen. Virtually nothing more is known of Mahandraparvata from the epigraphic sources, but systematic archaeological survey and excavation have identified an array of cultural features that point to a more extensive and enduring settlement than the historical record indicates. Recent remote sensing data have revolutionized our view, revealing the remains of a city with a complex and spatially extensive network of urban infrastructure. Here, we present a record of vegetation change and soil erosion from within that urban network, dating from the 8th century CE. Our findings indicate approximately 400 years of intensive land use, punctuated by discrete periods of intense erosion beginning in the mid 9th century and ending in the late 11th century. A marked change in water management practices is apparent from the 12th century CE, with implications for water supply to Angkor itself. This is the first indication that settlement on Mahendraparvata was not only extensive, but also intensive and enduring, with a marked environmental impact.",UNESCO_01,,"Archaeology, Remote Sensing",PUB_00109,JNL_00072,J72_VOL9_I1,
PUB_00110,"First Direct Dating for the Construction and Modification of the Baphuon Temple Mountain in Angkor, Cambodia",Article,https://doi.org/10.1371/journal.pone.0141052,Y,"Paris Saclay University1,  University of Illinois2","France1, United States of America2",2015,"StÃ©phanie Leroy1 ,Mitch Hendrickson2,Emmanuelle Delque-Kolic1,Enrique Vega1,Philippe Dillmann1",English,Public Library of Science,,PLoS ONE,"Volume 10, Issue 11",,"Architecture represents key evidence of dynastic practice and change in the archaeological world. Chronologies for many important buildings and sequences, including the iconic temples of medieval Angkor in Cambodia, are based solely on indirect associations from inscriptions and architectural styles. The Baphuon temple, one of the last major buildings in Angkor without textual or scientifically-derived chronological evidence, is crucial both for the context and date of its construction and the period when its western façade was modified into a unique, gigantic Reclining Buddha. Its construction was part of a major dynastic change and florescence of the Hindu-Mahayana Buddhist state and the modification is the key evidence of Theravada Buddhist power after Angkor's decline in the 15th century. Using a newly-developed approach based on AMS radiocarbon dating to directly date four iron crampons integrated into the structure we present the first direct evidence for the history of the Baphuon. Comprehensive study of ferrous elements shows that both construction and modification were critically earlier than expected. The Baphuon can now be considered as the major temple associated with the imperial reformations and territorial consolidation of Suryavarman I (1010–1050 AD) for whom no previous building to legitimize his reign could be identified. The Theravada Buddhist modification is a hundred years prior to the conventional 16th century estimation and is not associated with renewed use of Angkor. Instead it relates to the enigmatic Ayutthayan occupation of Angkor in the 1430s and 40s during a major period of climatic instability. Accurately dating iron with relatively low carbon content is a decisive step to test long-standing assumptions about architectural histories and political processes for states that incorporated iron into buildings (e.g., Ancient Greece, medieval India). Furthermore, this new approach has the potential to revise chronologies related to iron consumption practices since the origins of ferrous metallurgy three millennia ago.",UNESCO_01,SITE_00072,"Archaeology, Archaeometry, Materials Science",PUB_00110,JNL_00072,J72_J1_VOL10_I11,
PUB_00111,"Re-evaluating the occupation history of Koh Ker, Cambodia, during the Angkor period: A palaeo-ecological approach",Article,https://doi.org/10.1371/journal.pone.0203962,Y,"University of Sydney1, Australian National University2",Australia,2018,"Tegan Hall1, Dan Penny1, Rebecca Hamilton2",English,Public Library of Science,,PLoS ONE,"Volume 13, Issue 10",,"Throughout the Angkor period (9th to 15th centuries CE), the Khmer kingdom maintained a series of interconnected cities and smaller settlements across its territory on mainland Southeast Asia. One such city was Koh Ker, which for a brief period in the 10th century CE even served as a royal capital. The complexity of the political landscape meant the Khmer kings and the elite were particularly mobile through the Angkor period, and rupture in royal houses was common. However, while the historical record chronicles the 10th century migration of the royal seat from Koh Ker back to Angkor, the fate of Koh Ker’s domestic population has remained unknown. In this article, we reconstruct the settlement history of Koh Ker, using palaeoecological and geoarchaeological techniques, and show that human activity and land use persisted in the city for several centuries beyond the city’s abandonment by the royal court. These results highlight the utility of multi-proxy environmental reconstructions of Khmer urban settlements for re-evaluating prevailing assumptions regarding the use and occupation of Angkor-period cities.",UNESCO_04,"SITE_00081, SITE_00102, SITE_00089","Remote Sensing, Archaeology, History",PUB_00061,JNL_00072,J72_VOL13_I10,
PUB_00112,"Looted, trafficked, donated and returned: the twisted tracks of Cambodian antiquities",Book Chapter,https://doi.org/10.4324/9781315642048,N,University of Gottingen,Germany,2017,Brigitta Hauser-SchÃ¤ublin,English,Routledge,,,,Cultural Property and Contested Ownership,"The plundering of historical and archaeological sites, the illegal export of stolen or looted Cambodian – Khmer – antiquities, and their sale via traffickers in Cambodia’s neighbouring countries to private collectors in rich countries in the North has been a common practice since the 1960s (see Chapter 1). Such antiquities were often put into auction houses, such as Sotheby’s or Christie’s, for resale. Others were given by private collectors as generous donations to renowned museums, such as New York’s Metropolitan Museum of Art or the Norton Simon Museum in Pasadena, California. Over the past few years, such cases have been brought to the attention of an international audience since Cambodia reclaimed some tenth-century sculptures that were stolen from the temple ruins of Koh Ker in Preah Vihear Province. Koh Ker, therefore, has received special attention since the Metropolitan Museum of Art and Sotheby’s auction house were involved in cases which resulted in the return of the contested artefacts – and also in the tarnishing of their reputations or even the loss of face of these prestigious institutions. In this chapter, I will present and discuss these cases of successful return which are basically the result of a wellfunctioning bilateral agreement between the United States and Cambodia, decisively complemented by UNESCO’s commitment, Interpol’s support and French scholars’ dedication to protect and retrieve Cambodian cultural heritage.",UNESCO_04,,"Art, Criminology",PUB_00112,,,BOOK_00005
PUB_00113,"From Quarries to Temples: Stone Procurement, Materiality, and Spirituality in the Angkorian World",Book Chapter,https://doi.org/10.4324/9781351128940-25,N,University of California,United States of America,2023,"Christian Fischer, Federico Caro, Martin Polkinghorne",English,Routledge,"Construction process, sandstone quarries, Koh Ker, monuments, provenance",,,The Angkorian World,,UNESCO_04,"SITE_00105, SITE_00081","Archaeology, Geology",PUB_00113,,,BOOK_00001
PUB_00114,Habits of peace: Long-term regional cooperation in Southeast Asia,Article,https://doi.org/10.1177/1354066116679878,N,University of Toronto,Canada,2017,Aarie Glas,English,Sage Publications,"International Institutions, Security Communities, Diplomats, Spread, Choice, Matter, Logic, War",European Journal of International Relations,"Volume 23, Issue 4",,"The nation-states that make up the Association of Southeast Asian Nations are widely described to be peaceful in their relations with each other, so much so that scholars have referred to the Association of Southeast Asian Nations' long peace. While it is true that war eludes the region, interstate militarized disputes remain a persistent feature. How can we account for the absence of war between Association of Southeast Asian Nations members in light of persistent militarized disputes? To address this question, this article builds on the emerging International Relations literature on habits and practice in interstate relations. I develop a framework centred on the habitual dispositions of communities of practitioners that focuses on the unreflexive cognitive and behavioural qualities of regional relations. These habits of peace circumscribe thinking and behaviour among the Association of Southeast Asian Nations' state practitioners. Specifically, they have led to a toleration of limited violence among Association of Southeast Asian Nations member states. After tracing the existence of these habitual qualities of relations, I demonstrate their effects on regional crisis response, which makes possible community building and maintenance alongside considerable levels of interstate violence. I explore this through an in-depth analysis of the regional response to the 2011 Preah Vihear crisis between Cambodia and Thailand.",UNESCO_02,SITE_00113,"International Relations, Law",PUB_00114,JNL_00031,J31_VOL23_I4,
PUB_00115,Utilization and Date of Isanapura City Base on AMS C14 and Ceramics  Sources,Proceeding,,Y,"Cambodian National Commission for UNESCO1, Waseda University2","Cambodia1, Japan2",2015,"Chhum Menghong1, Takeshi Nakagawa2",English,Science Council of Asia,"Sambor Prei Kuk, Isanapura, AMS C14, Ceramic types",15th SCA Conference proceedings,,,"Isanapura in Sambor Preikuk complex is considered as a metropolitain city of Chenla kingdom during early 7th century. In where the main city area have divided into two main blocks of human occupation kown as a temple or worship zone and city zone. So far, the period of untilization within these two both zones is doughtful even the first contruction of the city moat. Based on AMS C14 and analizing on ceramics types existing in both zones, through this paper, it is providing a new data for interpreating on the date of Īsanapura city as fellowing: (a) Via AMS C14 dating, the moat of Īsanapura city, has more possibility to build during AD 6th century, (b) Human occupation in Īsanapura could be interpreted in two different ways: firstly, form the view of AMS C14 sampling from both zones, it gave the same date range from AD 6th century to Angkor period. Secondly, the exsiting of ceramic types shows a diversity of time span of human occupation within these two zones. In which the city zone is rich of ceramic types dated in pre-Angkor period rathen then Angkor period. But for the temple or whorship zone, it was found a long span of human occupation or cultural layer starting from pre-Angkor to Angkor period. ",UNESCO_03,,"Archaeology, Archaeometry",PUB_00115,,,
PUB_00116,Prasat Sambor as a Prototype of the Pyramidal State-Temple in Khmer Temple Construction,Article,https://doi.org/10.4236/ad.2021.91003 ,Y,University of Tsukuba,Japan,2021,Ichita Shimoda,English,Scientific Research Publishing,"Sambor Prei Kuk, Chenla, Angkor, Cambodia, Southeast Asia, Hindu Temple",Archaeological Discovery,"Volume 9, Issue 1",,"Sambor Prei Kuk is the site of an ancient city called īçānapura, which flourished as the capital of Chenla in the late 6th early 7th century. This capital was home to several Hindu temples that marked the start of a process of architectural evolution culminating in the spectacular architecture of the Khmer civilization, as exemplified in Angor Wat. During pre-Angkorian times before the foundation of Khmer Empire in the beginning of 9th century, religious places generally consisted of a single brick shrine, in contrast to the large and varied temple complexes that emerged later. However, current comprehensive field research in the archaeological site of Sambor Prei Kuk recorded a number of unknown brick structures and diverse temple layouts by composing several structures. Among these, three temple complexes stand out for their distinctive features: Prasat Sambor, Prasat Yeai Poeun, and Prasat Tao. These temple complexes consisted of square enclosures with a central shrine at the center and numerous other structures in the adjacent precinct, and were the prototype of the three different types of temple complexes in the Angkorian period. This article focuses on the layout of these three temple complexes to reveal the fundamental components and principle layout of temple complexes in the early stage of development and illustrate the progression to more complexities in temple construction in the later period. Based on the precise analysis of the dimensional layout of Prasat Sambor, along with findings from archeological surveys, it was revealed that this temple complex embodied the features of the pyramidal state-temples that served as the central religious facility of their respective periods. Additionally, from an analysis of their dimensional layout, the planning techniques for the temple complex, as well as the unit of construction measure used for planning this temple, were identified.",UNESCO_03,"SITE_00146, SITE_00132, SITE_00123, OBJ_00142","Archaeology, Remote Sensing, Architecture",PUB_00116,JNL_00009,J9_VOL9_I1,
PUB_00117,"Aquaculture in the Ancient World: Ecosystem Engineering, Domesticated Landscapes, and the First Blue Revolution",Article,https://doi.org/10.1007/s10814-023-09191-1,Y,Monash University,Australia,2024,Ashleigh J Rogers,English,Springer,"Archaeology, Sustainable aquaculture, Historical ecology, Resilience, Ecosystem engineering, Domesticated landscapes",Journal of Archaeological Research,Volume 32,,"Aquaculture is the world's fastest growing food sector and accounts for more than 50\% of the world's fish food supply. The significant growth in global aquaculture since the middle of the 20th century has been dubbed by the Blue Revolution. However, it is not the first Blue Revolution to take place in human history. While historically classified as low-ranking, seasonal, or starvation resources in the archaeological discourse, marine foods were vital resources that ancient communities developed and exploited using a vast array of strategies. Among these aquatic strategies was aquaculture. This first Blue Revolution was initiated during the Early Holocene, some 8,000 years ago in China, with archaeologists now documenting aquaculture across the globe. This review considers the commonalities between ancient aquacultural systems including evidence of ecosystem engineering and the development of domesticated landscapes as production systems. People of the past constructed agroecosystems to not only enhance and diversify aquatic resources, but to control the reliability of key subsistence foods and to meet the demands of ritual practice and conspicuous social stratification. These aquaculture systems were maintained for centuries, if not millennia. Worldwide research conducted on ancient aquaculture can provide critical insights into developing more ecologically sustainable, resilient, and diverse marine production systems for coastal communities today, thus, achieving industry sustainability and limiting negative environmental impacts to the world's shorelines and overexploited fisheries.",UNESCO_01,,"Anthropology, Archaeology",PUB_00117,JNL_00051,J51_VOL32,
PUB_00118,Fluid Rocks: The (de)Territorializing Power of Andean and Angkorian Sacred Stones,Article,https://doi.org/10.1007/s11759-024-09495-8,N,University of Toronto,Canada,2024,Edward Swenson,English,Springer,"Qualia, Stone and water worship, Moche, Angkor, Territorialization, Deterritorialization",Archaeologies, Volume 20,,"The inherent qualities of stone (hardness, durability, etc.) can explain why it serves as a prime medium of the sacred in different cultures, and stones commonly fix boundaries and territorialize the religious landscape. An investigation of the qualia of stone thus provides a useful baseline for cross-cultural comparison. However, an analysis of Andean and Angkorian rock veneration demonstrates that the power of stones often lies not in their obdurate stasis but in their fluid capacity to interact with liquids and precipitate metamorphosis and deterritorialization. Ultimately, the worlds created by stony beings varied significantly, as determined by historically specific cosmologies. Les qualites inherentes de la pierre (durete, durabilite, etc.) peuvent expliquer pourquoi elle sert de support primordial au sacre dans les differentes cultures, et les roches delimitent couramment les frontieres et territorialisent le paysage religieux. Une etude des qualias de la pierre fournit donc un ensemble utile de reference aux fins d'une comparaison interculturelle. Toutefois, une analyse de la veneration des roches dans les Andes et a Angkor met en evidence que le pouvoir des pierres reside souvent non pas dans leur immobilisme obstine mais dans leur capacite fluide a interagir avec les liquides et a precipiter la metamorphose et la deterritorialisation. En dernier ressort, les mondes crees par les creatures de pierre ont montre des variations significatives, comme determine par des cosmologies historiquement specifiques. Las cualidades inherentes de la piedra (dureza, durabilidad, etc.) pueden explicar por que sirve como medio principal de lo sagrado en diferentes culturas, y las piedras comunmente fijan limites y territorializan el paisaje religioso. Por lo tanto, una investigacion de los qualia de la piedra proporciona una base util para la comparacion intercultural. Sin embargo, un analisis de la veneracion de las rocas andinas y angkorianas demuestra que el poder de las piedras a menudo no reside en su inflexible estasis sino en su capacidad fluida para interactuar con liquidos y precipitar la metamorfosis y la desterritorializacion. En ultima instancia, los mundos creados por seres petreos variaban significativamente, segun lo determinado por cosmologias historicamente especificas.",UNESCO_01,,Archaeology,PUB_00118,JNL_00012,J12_VOL20,
PUB_00119,A new view on attack of stone monuments by global anthropogenic nitrogen deposition and microorganisms,Review Article,https://doi.org/10.1038/s40494-025-02137-4,Y,"Ningbo University1, Guangdong Technion Israel Institute of Technology2, City University of Macau3",China,2025,"Pengfei Hu1, Shanduo Chen2, Youfen Qian2, Guang Huang3, Fasi Wu2, Ji-Dong Gu2",English,Springer,,Heritage Science,"Volume 13, Number 567",,"Global increasing emission and deposition of reactive nitrogen (Nr) species poses an alarming threat to the cultural heritage and infrastructure. Specifically, this triggers acid rain, abiotic corrosion, and accelerated biodegradation. Given the insufficient information on the intricate mechanisms driving these deterioration processes, we proposes a conceptual framework that links anthropogenic disturbances to the degradation to provide evidence-based insights for conservation strategies and management.",UNESCO_01,SITE_00014,"Conservation Science, Chemistry, Materials Science",PUB_00119,JNL_00039,J39_VOL13_NUMB567,
PUB_00120,Assessment of sandstone deterioration at Ta Keo temple (Angkor): first results and future prospects,Article,https://doi.org/10.1007/s00254-008-1408-8,N,"Blaise Pascal University1, Nantes University2",France,2008,"Marie-FranÃ§oise AndrÃ©1, Samuel Etienne1, Denis Mercier2, Franck Vautier1, Olivier Voldoire1",English,Springer,"Cambodia, Sandstone decay, Weathering rates, Photogrammetry, Lasergrammetry",Environmental Geology,Volume 53,,"A first application of geomorphological methods to the assessment of sandstone deterioration at Angkor is presented. Damage diagnosis was carried out on the first eastern tier of the central pyramid of the 1,000 year-old Ta Keo temple. Methods combine field observations and measurements at 230 sampling points, high-resolution lasergrammetry and stereophotogrammetry on a 2-m2 test zone, and SEM observations. The first results indicate that decay operates through a synergistic combination of weathering phenomena dominated by scaling and solution, and exhibits a high spatial variability. Percentages of deteriorated surfaces vary from 17.6 to 93.8\%, and average stone recession values from 0.00 to 2.71 cm (minimum) and 0.34 to 5.49 cm (maximum). On the test-zone, stereophotogrammetry and 3D-mapping of the present and reconstructed initial states using lasergrammetry indicate that erosion scars up to 6 cm deep have formed since 1963. On the whole, the amount of deteriorated surfaces more than tripled between 1963 and 2008. The degree of implication of salts in stone decay remains unclear for most efflorescences are composed of calcite (CaCO3), with secondary importance of barite (BaSO4) and gypsum (CaSO4 center dot 2H(2)O). Future prospects aim to evaluate the impact on stone decay of the clearing out of the temple from the forest in the 1920s.",UNESCO_01,SITE_00037,"Environmental Sciences, Ecology, Geology, Hidrology",PUB_00120,JNL_00030,J30_VOL53,
PUB_00121,"The ties that bind: archaeometallurgical typology of architectural crampons as a method for reconstructing the iron economy of Angkor, Cambodia (tenth to thirteenth c.)",Article,https://doi.org/10.1007/s12520-017-0524-3,N,"Paris Saclay University1, University of Illinois2","France1, United States of America2",2018,"StÃ©phanie Leroy1, Mitch Hendrickson2, Sylvain Bauvais1, Enrique Vega1, Thomas Blanchet1, Alexandre Disser1, Emmanuelle Delque-Kolic1",English,Springer,"Iron economy, Bloomery, Objects, Integrated archaeometallurgical typology, Southeast Asia, Angkor",Archaeological and Anthropological Sciences,Volume 10,,"The dynamic technological characteristics and diverse cultural potential of iron make it one of the most influential materials for facilitating cultural transformation. Reconstructing how iron was managed is an important way to understand political and socioeconomic issues in pre-modern state-level societies. In contrast to studies of smelting sites, the study of iron objects allows us to evaluate trends of production in relation to practice of consumption. By investigating a given class of iron objects, it is possible to document shifts in technical processes, cultural choices, and social organisation that are representative of a state or polities broader iron economy. This study outlines the use of comprehensive archaeometallurgical typology, a new approach combining technological, chronological, and sourcing analyses of iron architectural crampons from the Khmer capital of Angkor (ninth to fifteenth c. CE) in Cambodia. Our methodology was implemented on 69 iron crampons from three masonry complexes (the Royal Palace, Baphuon, and Preah Khan) spanning the tenth to thirteenth centuries. Compiling a vast and statistically significant data set enables us to identify diachronic changes of production and manufacturing patterns that seem to be linked to key periods of expansion of the Khmer Empire. These patterns represent the first phase in reconstructing the iron economy of the most influential polities in mainland Southeast Asia.",UNESCO_01,"SITE_00072, SITE_00055, SITE_00030","Anthropology, Archaeology, Geology",PUB_00121,JNL_00008,J8_VOL10,
PUB_00122,"Technological Trajectories in Iron Smelting: Slag Signatures, Recipes, and Traditions from Phnom Dek (Cambodia, 7th-20th c. CE)",Article,https://doi.org/10.1007/s10816-025-09740-6,N,"Paris Saclay University1, University of Illinois2, Australian Nuclear Science and Technology Organisation3, Royal University of Phnom Penh4","France1, United States of America2, Australia3, Cambodia4",2025,"StÃ©phanie Leroy1, Mitch Hendrickson2, Enrique Vega1, Quan Hua3, Kaseka Phon4",English,Springer,"Bloomery ironmaking, Smelting practices, Recipes, Traditions, Slag, pXRF, Chemical variability",Journal of Archaeological Method and Theory,Volume 33,,"This study investigates the long-term dynamics of bloomery iron smelting practices across the Phnom Dek region of Cambodia, a major metallurgical landscape active from at least the 7th to 20th centuries CE. Based on pXRF analysis of more than 1,700 slag samples, it develops an interpretive framework that integrates multiple scales of evidence, combining chemical composition, spatial distribution, technical features, and chronological context. At the core of this approach is the identification of coherent chemical signatures in slag, which, by using multivariate analyses, function as proxies for metallurgical recipes, and, at a broader level, enduring technological traditions shaped by the social organization of production. These signatures serve as comparative units for tracing production behaviors across sites time periods. Through the categories of practice and recipe, the analysis aims to identify patterns of continuity, adaptation, and transformation in iron-making processes or smelting behavior over time. Results point to significant changes in ore procurement and recipe during the 11th-12th centuries, likely linked to wider transformations within Angkorian state dynamics. The persistence of specific chemical profiles and regionally shared smelting practices beyond this period suggests a bloomery tradition sustained across the landscape. Ultimately, the study argues that the chemistry of slag, as a material trace of smelting activities derived from technical, spatial, and chronological contexts, has unique capabilities to acquire interpretive significance when analyzed across these dimensions. This approach enables the discussion of technological trajectories in iron production and the socio-technical logics that shaped the evolution of the Phnom Dek metallurgical landscape.",UNESCO_01,,"Anthropology, Archaeology",PUB_00122,JNL_00050,J50_VOL33,
PUB_00123,PSInSAR-Based Surface Deformation Mapping of Angkor Wat Cultural Heritage Site,Article,https://doi.org/10.1007/s12524-020-01257-7,N,Indian Space Research Organisation (ISRO),India,2021,"Shashi Kumar, Vignesh S Kandasamy , Arun Babu, Praveen K Thakur, Shefali Agrawal",English,Springer,"PSInSAR, ALOS, Surface deformation, Angkor Wat, Cultural heritage",Journal of the Indian Society of Remote Sensing,Volume 49,,"Satellite data are making revolutionary changes in the field of archaeology, and nowadays they have been widely used by the scientific community for regular mapping and monitoring of cultural heritage sites. The development of synthetic aperture radar (SAR) sensors helps in monitoring the heritage site with higher accuracy. This study uses the Persistent Scatter Interferometric SAR (PSInSAR), which is an advanced technique of differential SAR interferometry to find the surface deformation of the Angkor Wat temple and its premises. Seven interferometric data from the Phased Array type L-band Synthetic Aperture Radar (PALSAR) of Advanced Land Observing Satellite-1 (ALOS-1) for the period 2006-2009 and ten interferometric data from the ALOS-2 PALSAR-2 for the period 2014-2018 have been used in this study to identify the deformation pattern. It is found from this study that the Angkor Wat temple and its outer walls are stable.",UNESCO_01,SITE_00030,"Environmental Sciences, Ecology, Remote Sensing",PUB_00123,JNL_00063,J63_VOL49,
PUB_00124,Flying laser range sensor for large-scale site-modeling and its applications in Bayon digital archival projectl,Article,https://doi.org/10.1007/s11263-007-0104-6,N,University of Tokyo,Japan,2008,"Atsuhiko Banno, Takatsugu Masuda, Takeshi Oishi, Katsushi Ikeuchi",English,Springer,"large-scale 3D scenes, cultural sites, moving range sensors, alignment, shape rectification",International Journal of Computer Vision,Volume 78,,"We have been conducting a project to digitize the Bayon temple, located at the center of Angkor-Thom in the kingdom of Cambodia. This is a huge structure, more than 150 meters long on all sides and up to 45 meters high. Digitizing such a large-scale object in fine detail requires developing new types of sensors for obtaining data of various kinds related to irregular positions such as the very high parts of the structure occluded from the ground. In this article, we present a sensing system with a moving platform, referred to as the Flying Laser Range Sensor (FLRS), for obtaining data related to these high structures from above them. The FLRS, suspended beneath a balloon, can be maneuvered freely in the sky and can measure structures invisible from the ground. The obtained data, however, has some distortion due to the movement of the sensor during the scanning process. In order to remedy this issue, we have developed several new rectification algorithms for the FLRS. One method is an extension of the 3D alignment algorithm to estimate not only rotation and translation but also motion parameters. This algorithm compares range data of overlapping regions from ground-based sensors and our FLRS. Another method accurately estimates the FLRS's position by combining range data and image sequences from a video camera mounted on the FLRS. We evaluate these algorithms using a IS-based method and verify that both methods achieve much higher accuracy than previous methods.",UNESCO_01,SITE_00014,"Computer Science, Remote Sensing",PUB_00124,JNL_00043,J43_VOL78,
PUB_00125,"Provisioning an Early City: Spatial Equilibrium in the Agricultural Economy at Angkor, Cambodia",Article,https://doi.org/10.1007/s10816-021-09535-5,Y,"Leiden University1, University of Colorado Boulder2, Arizona State University3, Ecole Francaise d'Extreme-Orient4","Netherlands1, United States of America23, France4",2022,"Sarah Klassen1, Scott G Ortman2, JosÃ© Lobo3, Damian Evans4",English,Springer,"Agricultural intensification, Low-density urbanism, Settlement scaling theory, Urban land use, Angkor, Southeast Asia",Journal of Archaeological Method and Theory,Volume 29,,"A dominant view in economic anthropology is that farmers must overcome decreasing marginal returns in the process of intensification. However, it is difficult to reconcile this view with the emergence of urban systems, which require substantial increases in labor productivity to support a growing non-farming population. This quandary is starkly posed by the rise of Angkor (Cambodia, 9th-fourteenth centuries CE), one of the most extensive preindustrial cities yet documented through archaeology. Here, we leverage extensive documentation of the Greater Angkor Region to illustrate how the social and spatial organization of agricultural production contributed to its food system. First, we find evidence for supra-household-level organization that generated increasing returns to farming labor. Second, we find spatial patterns which indicate that land-use choices took transportation costs to the urban core into account. These patterns suggest agricultural production at Angkor was organized in ways that are more similar to other forms of urban production than to a smallholder system.",UNESCO_01,,"Anthropology, Archaeology",PUB_00125,JNL_00050,J50_VOL29,
PUB_00126,"Sustainable water management in the angkor temple complex, cambodia",Review Article,https://doi.org/10.1007/s42452-020-04030-0,Y,"University of Auckland1, Ministry of Water Resources and Meteorology2","New Zealand1, Cambodia2",2021,"Kosal Chim1, Jon Tunnicliffe1, Asaad Y Shamseldin1, Sambath Sarun2",English,Springer,"Soil and water assessment tool (SWAT), Siem reap river, Climate change, Land use change, Angkor Wat temple, Water supply",SN Applied Sciences,Volume 3,,"The headwater catchment of the Siem Reap River has supplied the Angkor Temple Complex and surrounding communities since the twelfth century. The Angkor Temple Complex area consists of historical moats and barays (reservoirs) which are currently used to store the water from the Siem Reap River to maintain temple foundation, irrigate cultivation areas and provide floodwater storage. The Angkor Wat Temple, which is located in the complex, was constructed on a sandy alluvial substrate and needs a stable supply of water to avert land subsidence and destabilization of the temple foundation. In light of changing climate, land use and land cover (LULC) trends, it is crucial to examine the wide-ranging implications of reduced water supply for the Angkor Temple Complex. Using the Soil and Water Assessment Tool, this study seeks to assess the conditions necessary to provide sustainable streamflow to the Angkor Temple Complex. We modelled 30 scenarios of co-varied LULC and precipitation regime under a changing climate. The results show that under most LULC scenarios, sufficient water resources can be harvested to supply the complex-however-any further loss of forest cover is likely to impact groundwater conditions, flood management and dry season shortages. Conversely, the water supply to the complex is shown to be sensitive under the range of climate scenarios explored, a reduction of more than 10-20\% in mean annual precipitation was enough to put the water supply under stress for the current and future conditions of the complex.",UNESCO_01,"SITE_00170, SITE_00171, SITE_00030","Archaeology, Hidrology",PUB_00126,JNL_00080,J80_VOL3,
PUB_00127,"Damage phenomenon and petrophysical properties of sandstones at the Phnom Bakheng Temple (Angkor, Cambodia): first investigations and possible conservation measures",Article,https://doi.org/10.1007/s12665-018-7915-3,N,University of Gottingen,Sweden,2018,"Wanja Wedekind, Christian J Gross, Andreas Hoffmann, Siegfried Siegesmund",English,Springer,"Phnom Bakheng Temple, Contour scaling, Crustal delamination, Cathodoluminescence",Environmental Earth Sciences,Volume 77,,"Sandstones, clay in the form of bricks and laterite are the building materials used by the Khmer to construct the imposing and magnificent temples in Southeast Asia. Many of these monuments suffer from fracturing, sanding, contour scaling, crust formation and salt weathering. The affinity to weathering is closely connected to the type of material. Two sandstone types classified as feldspathic arenite and quartz arenite of Angkor as well as two arkosic sandstones from Thailand are described and investigated in this study. Important petrophysical properties determined for the different sandstones consist of hydric expansion, thermal expansion, pore radii distribution and ultrasonic velocity. Different investigations such as capillary water uptake, surface hardness, hygroscopic water sorption, and salt resistance tests were undertaken in the laboratory to characterize the various rock types. Observations and quantified damage mapping were done onsite at the Phnom Bakheng Temple. Contour scaling in the form of weathering crusts is one of the main deterioration features observable at the Angkor monuments. Comparisons are made between the building stone, the crust material from the Phnom Bakheng Temple and fresh stone material used for restoration. Significant differences in hydric and especially in thermal expansion of the crust and sandstone have been determined. The results seem to indicate that extensional processes occur, which can be considered a force for detachment (i.e., contour scaling, flaking). In an experimental trial, the hydric and thermal expansion of the weathering crust and the building stone was significantly reduced byusing a weak acid for the crust and a swelling inhibitor for the original building stone.",UNESCO_01,SITE_00068,"Environmental Sciences, Ecology, Geology, Hidrology",PUB_00127,JNL_00029,J29_VOL77,
PUB_00128,Glass artifacts at Angkor: evidence for exchange,Article,https://doi.org/10.1007/s12520-017-0586-2,N,"University of Oregon1, Field Museum of Natural History2, Flinders University3, Ecole Francaise d'Extreme-Orient4","United States of America12, Australia3, France4",2019,"Alison Kyra Carter, Laure Dussubieux, Martin Polkinghorne, Christophe Pottier",English,Springer,"Glass, LA-ICP-MS, Beads, Angkor, Cambodia, Southeast Asia",Archaeological and Anthropological Sciences,Volume  11,,"Although glass beads were found in large quantities in Southeast Asia during the Iron Age and into the first millennium CE, glass artifacts from the Angkorian period (ninth-fifteenth centuries CE) are less common and have not been as well-studied. This paper presents the results of an analysis of 81 glass beads and artifacts from the ninth-century royal capital of Hariharlaya and later (twelfth-fourteenth centuries CE) contexts from the walled city of Angkor Thom. Compositional analyses using laser ablation-inductively coupled plasma-mass spectrometry (LA-ICP-MS) have identified glass belonging to three broad compositional groups. The earlier Hariharlaya sites have numerous glass beads and vessel fragments made from vegetal soda glass, associated with Middle Eastern production, as well as high-alumina mineral soda glass of a sub-type frequently found at Iron Age sites in Southeast Asia and likely produced in South Asia. Beads from the later-period sites within Angkor Thom are primarily lead glass, associated with Chinese glass production, and different sub-types of high-alumina mineral soda glass that have also been found at sites in Southeast Asia dating from the fourteenth to the nineteenth centuries CE. A small number of beads from Angkor Thom also have a vegetal soda composition distinct from beads at Hariharlaya. The results of this study provide a new type of evidence for elite participation in broader regional exchange networks during the Angkorian period.",UNESCO_01,,"Anthropology, Archaeology, Geology",PUB_00128,JNL_00008,J8_VOL11,
PUB_00129,"The Southeast Asian water frontier: coastal trade and mid-fifteenth c. CE ``hill tribe{''} burials, southeastern Cambodia",Article,https://doi.org/10.1007/s12520-019-00842-3,N,"University of New England1, Santa Clara University2, Institute of Environmental Science and Research3, Royal University of Fine Arts4, University of Hawaii5, APSARA National Authority6","United States of America125, Australia3, Cambodia46",2019,"Peter Grave1, Lisa Kealhofer2, Nancy Beavan3, Sokha Tep4, Miriam T Stark5, Darith Ea6",English,Springer,"Age of Commerce, Neutron activation analysis, Shipwreck",Archaeological and Anthropological Sciences,Volume  11,,"In mainland Southeast Asia, the so-called water frontier unified an otherwise geographically broad and culturally disparate economic network of long-, medium-, and short-distance trade of the 14th-17th century CE ``Age of Commerce.{''} Focus on the rise of the larger port towns supporting this burgeoning maritime trade (e.g., Ayutthaya, Melaka, Hoi An) has overshadowed smaller maritime operations that must have serviced less regulated coastlines. In this paper, we evaluate the evidence of likely supply lines for relatively remote sites in the Southern Cardamom Ranges of southwestern Cambodia. We present the results of a geochemical analysis of ceramics from two contemporary and short-lived assemblages: comprehensively dated mid-15th c. to mid-17th c. CE burial complexes in the Cardamom Mountains, and a dated shipwreck (KohS'dech) recovered from waters off the adjacent coastline. We compare the shipwreck assemblage with other wreck assemblages to contextualize it within larger maritime exchange patterns. The KohS'dech wreck assemblage appears typical of a Southeast Asian short-haul coastal trader of this period, with a cargo consisting of a range of utilitarian household ceramics: large, medium, and small glazed stoneware storage jars, earthenware cooking pots, stoves and mortars, and ``tableware{''} bowls. Comparison of burial, shipwreck, and reference ceramic compositional data confirms the jars and fine wares predominantly came from multiple production centers in Central and Northern Thailand. The few Angkorian jars identified in the burials were evidently heirlooms from what was, by the mid-15th c. CE, a likely defunct Khmer production complex east of Angkor. The results of this provenience analysis highlight (a) the Cardamom burials as an example of previously undocumented unregulated coastal interaction and (b) the relatively sophisticated and coordinated market-oriented strategies of inland ceramic producers at this time. For mainland Southeast Asia, the water frontier integrated not only ethnically diverse maritime port communities, but also those in more remote inland regions.",UNESCO_01,,"Anthropology, Archaeology, Geology",PUB_00129,JNL_00008,J8_VOL11,
PUB_00130,Who Owns the Preah Vihear Temple? A Cambodian Position,Book Chapter,https://doi.org/10.1007/978-981-16-3195-5_2,Y,Supreme Court of State of New South Wales,Australia,2022,Bora Touch,English,Springer,,,,ASEAN International Law,,UNESCO_02,SITE_00113,"International Relations, Law",PUB_00130,,,BOOK_00006
PUB_00131,Microbiome and nitrate removal processes by microorganisms on the ancient Preah Vihear temple of Cambodia revealed by metaGenetics and N-15 isotope analyses,Article,https://doi.org/10.1007/s00253-020-10886-4,Y,"University of Hong Kong1, Shenzhen Academy of Inspection and Quarantine2, Guangzhou University3, University of Messina4, Tokyo National Research Institute for Cultural Properties5, Guangdong Technion Israel Institute of Technology6","China1236, Italy4, Japan5",2020,"Xinghua Ding1, Wensheng Lan2, Jiapeng Wu3, Yiguo Hong3, Yiliang Li1, Qingya Ge1, Clara Urzi4, Yoko Katayama5, Ji-Dong Gu6",English,Springer,"Angkor monuments, Sandstone culture heritage, Preah Vihear temple, Biodeterioration, Microbiome, Nitrate accumulation, DNRA, Comammox",Applied Microbiology and Biotechnology,Volume 104,,"Preah Vihear temple is one of the most significant representatives of the ancient Angkorian temples listed as United Nations Educational, Scientific and Cultural Organization (UNESCO) World Heritage Sites. The surfaces of this Angkor sandstone monument are covered with deteriorated materials, broadly called ``sediments{''} here, resulting from a long time of weathering of the sandstone. The sediments might adversely affect the ancient sandstone substratum of this cultural heritage, and the potential risk from them is essential information for current strategies and on-going protection and management. The extracted DNA from the sediment samples of this temple was used for Illumina high-throughput sequencing analysis, resulting in approximately 12 Gb of metagenomic dataset. The results of this shotgun metagenomic analysis provided a thorough information of the phylogenetic groups presented in the microbiome of the sediment samples, indicating that potential metabolic activities, involving different geomicrobiological cycles, may occur in this microbiome. The phylogenetic result revealed that the majority of metagenomic reads were affiliated withProteobacteria,Acidobacteria,Actinobacteria, andBacteroidetesat the phylum level. The metabolic reconstruction results indicated that the important geomicrobiological cycling processes include carbon sequestration, and nitrogen and sulfur transformation as the potentially active ones in the sediments of the sampling sites. Specifically, the dissimilatory nitrate reduction to ammonium (DNRA) and the newly discovered complete ammonia oxidation (comammox) were retrieved from this metagenomic dataset. Furthermore, the genetic information on the presence of acid-producing processes by sulfur- and ammonia-oxidizing bacteria and archaea in this metagenomic dataset suggested that the microbial flora in these samples has the potential to participate in the degradation of sandstone cultural heritage by producing acids. N-15 isotope amendment and incubation analysis results confirmed the presence of active denitrification, but not anammox activity at this temple. These results are important for our knowledge on the microbial community composition and microbial biodeterioration processes affecting this sandstone cultural heritage and will aid in the protection and management of the ancient Preah Vihear temple.",UNESCO_02,SITE_00113,"Microbiology, Geochemistry, Conservation Science, Genetics",PUB_00131,JNL_00007,J7_VOL104,
PUB_00132,Bronze Metallurgy in Southeast Asia with Particular Reference to Northeast Thailand,Article,https://doi.org/10.1007/s10963-020-09151-3,Y,University of Otago,New Zealand,2021,"Charles F W Higham, Hayden Cawte",English,Springer,"Bronze Age, Southeast Asia, Technology transfer, Social change, Bronze metallurgy",Journal of World Prehistory,Volume 34,,"The long-awaited definitive chronology for the period from the initial use of bronze metallurgy to the end of the Iron Age on the Khorat Plateau of Northeast Thailand has received near universal acceptance. In this review, we trace how bronze was deployed, and assess its social impact from the late Neolithic communities that first encountered metal to the civilization of Angkor. We identify eight phases that, for the prehistoric period, centred on the anchor site of Ban Non Wat, beginning in the eleventh century BC with imported copper axes and the opening of the first mines and associated smelting sites. This was followed in the second and third phases of the Bronze Age by a dramatic increase in mortuary wealth in the graves of social aggrandizers. After about eight generations, bronzes were locally cast in bivalve moulds. However, no further elite burials were found and bronze mortuary offerings were very rare. From about 400 BC, the opening of seaborne exchange networks, the establishment of dynastic China and climatic change then stimulated marked regionality. On the Khorat Plateau, many more bronzes were interred with the dead, but casting activity in the consumer sites declined. In the early centuries AD, increased aridity stimulated an agricultural revolution as sites were ringed by reservoirs and wet rice was grown in ploughed fields. This was accompanied by a surge in the range and number of bronzes with the new social elite that within a century led to the formation of early states. The new royalty now sponsored bronze statues, leading directly on to the dynastic foundries of Angkor, when massive bronzes reflected royal divinity.",UNESCO_02,SITE_00113,Archaeology,PUB_00132,JNL_00065,J65_VOL34,
PUB_00133,(Re)categorization as Resistance: Civil Society Mobilizations Around the Preah Vihear Temple,Article,https://doi.org/10.1007/s10767-016-9241-7,Y,"University of Gothenburg1, Karlstad University2",Sweden,2017,"Mikael Baaz1, Mona Lilja2",English,Springer,"Resistance, Cambodia, Nationalism, Materialism, Discourses, Preah Vihear Temple","International Journal of Politics, Culture, and Society",Volume 30,,"This paper deals with civil society mobilizations and resistance in relation to a world heritage site-the ninth-century Khmer temple Preah Vihear, which is located in the northern province of Cambodia and borders eastern Thailand. In particular, the paper explores resistance in terms of (re) categorizations from a historical and discursive-materialistic perspective. The field of resistance studies has mainly been preoccupied with entities such as texts, signs, symbols, identity, and language. In this article, however, we bring in physical and material entities in order to display the ways in which matter is of importance in the (re) construction of discourses and thereby for resistance.",UNESCO_02,SITE_00113,"Sociology, International Relations",PUB_00133,JNL_00046,J46_VOL30,
PUB_00134,"Heritage Temples, Replicas, and Repetitions: Theorizing the Significance of Repeats as Resistance",Article,https://doi.org/10.1007/s10767-018-9296-8,Y,University of Gothenburg,Sweden,2019,"Mona Lilja, Mikael Baaz",English,Springer,,"International Journal of Politics, Culture, and Society",Volume 32,,"This paper discusses the potential of different Preah Vihear temple replicas to resist ``discursive orders{''} that have been used to legitimate war in the border area between Thailand and Cambodia. The replicas of the Preah Vihear temple are embraced as ``repeats{''} of the ``original{''}, by this, we take off from linguistic theorizing of repetitions. The temple replicas could be considered as resistance against the very idea of one, single ``original{''} temple. By consequence, the replicas, understood as ``repeats,{''} have contributed to negotiate different relations of power and challenge various heritage discourses. The replicas' appearances and the resistance that they constitute ought to have the potential to contribute to ``peace-building.{''} However, instead of contributing to peace, the repeats, as the paper displays, have rather fueled the conflict between the two countries.",UNESCO_02,SITE_00113,"Sociology, International Relations, Law",PUB_00134,JNL_00046,J46_VOL32,
PUB_00135,Who Owns the Preah Vihear Temple? A Thai Position,Book Chapter,https://doi.org/10.1007/978-981-16-3195-5_3,Y,Ramkhamhaeng University,Thailand,2022,Monticha Pakdeekong,English,Springer,,,,ASEAN International Law,,UNESCO_02,SITE_00113,"International Relations, Law",PUB_00135,,,BOOK_00006
PUB_00136,Role of Villagers in Building Community Resilience Through Disaster Risk Management: A Case Study of a Flood-Prone Village on the Banks of the Mekong River in Cambodia,Book Chapter,https://doi.org/10.1007/978-94-007-0934-8_14,N,"Royal University of Phnom Penh1, Chiang Mai University2, Asian Institute of Technology3, Asian Disaster Preparedness Center4","Cambodia1, Thailand234",2011,"Serey Sok1, Louis Lebel2, Ram C Bastakoti3, Sokkalyan Thau4, Sela Samath4",English,Springer,"Community resilience, Gender, Poverty, Floods, Cambodia, Mekong",,,Environmental Change and Agricultural Sustainability in the Mekong Delta,"Floods are a normal feature of the monsoon season around the Tonle Sap Great Lake and areas neighboring the Mekong River in Cambodia. In some years, floods are much more severe than others, in particular, when there is a combination of high discharge from upstream and a high run-off from rainfall within the area. Actions taken by villagers could help build resilience at household and community levels against these more serious floods and thus reduce the risks of disasters, loss of life, and costly damage. In a detailed study of impacts and responses to floods in Angkor Ang village in Prey Veng Province, we found evidence of major barriers to effective actions by villagers and other actors working at community and other levels. Building and maintaining resilience in flood-prone communities requires that attention be given to local capacity and knowledge, differences in wealth or poverty, gender relations, and local participation. Moreover, these factors need to be examined in various social processes before, during, and after major floods.",UNESCO_01,,"Environmental Sciences, Ecology, Sociology",PUB_00136,,,BOOK_00007
PUB_00137,"Microbial Community Analysis of Fresh and Old Microbial Biofilms on Bayon Temple Sandstone of Angkor Thom, Cambodia",Article,https://doi.org/10.1007/s00248-010-9707-5,Y,"University of Hong Kong1, Heilongjiang Bayi Agricultural University2, University of Tokyo3","China12, Japan3",2010,"Wensheng Lan1, Hui Li1, Wei-Dong Wang2, Yoko Katayama3, Ji-Dong Gu1",English,Springer,,Microbial Ecology,Volume 60,,"The temples of Angkor monuments including Angkor Thom and Bayon in Cambodia and surrounding countries were exclusively constructed using sandstone. They are severely threatened by biodeterioration caused by active growth of different microorganisms on the sandstone surfaces, but knowledge on the microbial community and composition of the biofilms on the sandstone is not available from this region. This study investigated the microbial community diversity by examining the fresh and old biofilms of the biodeteriorated bas-relief wall surfaces of the Bayon Temple by analysis of 16S and 18S rRNA gene sequences. The results showed that the retrieved sequences were clustered in 11 bacterial, 11 eukaryotic and two archaeal divisions with disparate communities (Acidobacteria, Actinobacteria, Bacteroidetes, Cyanobacteria, Proteobacteria, Alveolata, Fungi, Metazoa, Viridiplantae, Crenarchaeote, and Euyarchaeota). A comparison of the microbial communities between the fresh and old biofilms revealed that the bacterial community of old biofilm was very similar to the newly formed fresh biofilm in terms of bacterial composition, but the eukaryotic communities were distinctly different between these two. This information has important implications for understanding the formation process and development of the microbial diversity on the sandstone surfaces, and furthermore to the relationship between the extent of biodeterioration and succession of microbial communities on sandstone in tropic region.",UNESCO_01,SITE_00014,"Geochemistry, Ecology, Microbiology",PUB_00137,JNL_00067,J67_VOL60,
PUB_00138,"World Heritage in Asia Geotechnical Overview of Sustainable Conservation and Development for the World Heritage Area of Angkor, Cambodia",Book Chapter,https://doi.org/10.1007/978-94-007-0470-1_6,N,Cyber University,Japan,2011,Yoshinori Iwasaki,English,Springer,,,,Geotechnics and Earthquake Geotechnics Towards Global Sustainability,"Two case studies are described in terms of sustainable conservation of cultural heritage as well as social development in the World Heritage Site of Angkor, Cambodia. These problems are very unique in a sense that the phenomena were found quite different from what geotechnical engineers had been used to expect in daily practice. A tower of masonry structure that JSA (Japanese Government Team for Safeguarding Angkor) selected for structural conservation was inclined about 5 degrees. Since the deformation of the step stones showed the same inclination. tilting of the foundation was considered as major mechanism for the inclination. of the Tower. After trenching of the soil mound, the compacted soil layer was not inclined but horizontal. This was quite different what we had expected. What was the mechanism to cause the inclination? Further study revealed that the slip-clown of the side step stones along the foundation platform was the true mechanism. JICA (Japan International Cooperation Agency) made a study of water resource from pumping underground water. They have monitored seasonal fluctuation of shallow water level at more than 50 surface wells and tried to simulate the seasonal changes caused by horizontal flow from higher mountain to lower lake zones. Finally, JICA had installed a facility to pump water more than 8,000 ton/day. After the pumping started, a monitoring well at 3 km from pumping zone showed 1 m of drawdown of water level that was predicted as little effect by the simulation. Since the plain in Angkor has very gentle slope of the order of 0.001, horizontal flow of underground water is very slow and negligible. The seasonal changes of the water level of 4-5 m was caused not by horizontal flow but infiltration of rain water and evaporation water from the deep layers that was not included in the model JICA used.",UNESCO_01,"SITE_00006, ",Geotechnical Engineering,PUB_00138,,,BOOK_00008
PUB_00139,Lessons from the Ancients on Water Resources Sustainability,Book Chapter,https://doi.org/10.1007/978-90-481-8632-7_11,N,Arizona State University,United States of America,2010,Larry W Mays,English,Springer,,,,Ancient Water Technologies,,UNESCO_01,"SITE_00170, SITE_00171, SITE_00172, SITE_00173, SITE_00030","Archaeology, Environmental Sciences, Ecology",PUB_00139,,,BOOK_00009
PUB_00140,The Myth of Angkor as an Essential Component of the Khmer Rouge Utopia,Book Chapter,https://doi.org/10.1007/978-3-319-13638-7_9,N,Royal University of Phnom Penh,Cambodia,2015,Henri Locard,English,Springer,,,,Cultural Heritage as Civilizing Mission: From Decay to Recovery,"One of the reasons the Democratic Kampuchea regime was more brutal than other communist regimes may partly originate from the grandeur of the Angkorian era in the Khmer Rouge's (KR) megalomaniac, utopian imagination. Was this modelled on an illusory future or on an imagined past? Even before the KR seized power, they managed to fashion a bizarre amalgam of royalty, revolution, and past glory through the propaganda trip made by Norodom Sihanouk to Angkor in March 1973. Soon after seizing power on April 17, 1975 they organized a three-day victory celebration within the precincts of Angkor Wat temple and spared the conservation team in the evacuation of Siem Reap. Angkor and the greatness of its past civilization entered the revolutionary rhetoric and fed the megalomania of the leaders. More specifically, the revolutionaries were convinced that Angkor owed its prosperity to the achievements of their forebears who were believed to have blanketed the entire territory with an intricate irrigation network. The ``hydraulic city{''}-a term introduced in the 1960s by the French archaeologist at Angkor, Bernard-Philippe Groslier-had become a hydraulic country. During the KR foreign visitors were granted visits to Angkor Wat and Angkor Thom, as well as visits to some of the grand reservoirs and dams built during the regime. These, along with the Potemkin villages erected in the area, served to eclipse the immense suffering of the populace. Democratic Kampuchea became a laboratory experiment for a form of revolutionary neo-colonialism that has its roots in the West-a Marxism-Leninism revised by Lenin, Stalin, and later, Mao. The KR period became an ugly caricature of the ``civilizing mission{''} and used an incoherent jumble of ideas borrowed from the West.",UNESCO_01,,"Art, Sociology, History",PUB_00140,,,BOOK_00010
PUB_00141,Epilogue: Clearing the Path towards Civilization-150 Years of ``Saving Angkor{''},Book Chapter,https://doi.org/10.1007/978-3-319-13638-7_12,N,University of Heidelberg,Germany,2015,Michael S Falser,English,Springer,,,,Cultural Heritage as Civilizing Mission: From Decay to Recovery,"This epilogue to the edited volume intends to highlight the astonishing continuity of ``civilizing projects,{''} from colonial through to post-colonial and globalized eras, in the same object of built cultural heritage in Cambodia. Using a historic photograph as our point of departure, this epilogue will take the reader on a transcultural journey through the different pathways of cultural heritage constructions that developed around the famous temple of Angkor Wat between 1860 and 2010. The temple's central causeway will be used as a motif and metaphor for the ``civilizing path{''} taken by the mission to ``Save Angkor,{''} which has been declared by varying cultural brokers and political regimes in and between Asia and Europe through the past 150 years.",UNESCO_01,,"Art, Sociology, History",PUB_00141,,,BOOK_00010
PUB_00142,Representing Heritage without Territory-The Khmer Rouge at the UNESCO in Paris during the 1980s and their Political Strategy for Angkor,Book Chapter,https://doi.org/10.1007/978-3-319-13638-7_10,N,University of Heidelberg,Germany,2015,Michael S Falser,English,Springer,,,,Cultural Heritage as Civilizing Mission: From Decay to Recovery,"In themodern history of Cambodia, the temples of Angkor were constantly (ab) used for identity constructions by the actual ruling powers. In this game, the years between 1979 and 1989 represent a unique case study: While the Cambodian territory itself was occupied by the Vietnamese Heng Samrin-regime, the resistance movements around the Khmer Rouge were driven out of the country but recognized by the United Nations as the legal Khmer government under the name of Democratic Kampuchea. As a clever political strategy and in coalition with the former King Norodom Sihanouk, its political leaders around Khieu Samphan and Ieng Sary appropriated the Western discourse on national cultural heritage: with its Permanent UNESCO-Delegation in Paris, the ``safeguarding of Angkor{''} was promoted as an inseparable part of the diplomatic struggle towards national independence. This paper tries to analyse the ways and means of the ``Angkor-as-heritage discourse{''} of the Khmer Rouge/Democratic Kampuchea in the 1980s, including the reactions of UNESCO and the international community.",UNESCO_01,,"Art, Sociology, History",PUB_00142,,,BOOK_00010
PUB_00143,Discourses and Practices between Traditions and World Heritage Making in Angkor after 1990,Book Chapter,https://doi.org/10.1007/978-3-319-13638-7_11,N,Waseda University,Japan,2015,Keiko Miura,English,Springer,,,,Cultural Heritage as Civilizing Mission: From Decay to Recovery,"After three decades of civil war in Cambodia, Angkor was recaptured to serve the civilizing visions of a country that had re-emerged from barbarity and the decadence of its cultural heritage and traditions. In this sense, UNESCO's international campaigns to ``Save Angkor,{''} launched in 1991, and the subsequent World Heritage nomination in 1992 (Angkor was simultaneously inscribed on the list of World Heritage Sites in Danger) were to become civilizing missions that allowed Cambodia to be re-integrated into the international community of ``civilized nations.{''} In the nearly two decades since, the focus of attention paid to Angkor by the Cambodian government and the international community has shifted from a rescue operation of the monuments and sites to a campaign on how to effectively utilize the heritage for economic development in the country. It has also involved questions of how to control people's presence and activities in the site, which has necessitated the restriction of some ``traditional{''} local practices. Many of the restrictions were imposed on the inhabitants for the sake of tourism development and the maintaining of the assumed ideal conditions of a World Heritage Site, that is, World Heritage-Making. Discourses have emerged about which traditions to respect and maintain, and which ones to restrict or abandon. At the same time, new traditions have been invented to suit the era of tourism development. This paper analyses the divergent and somewhat contradictory discourses and practices on traditions and ``World Heritage-making{''} in Angkor, as demonstrated by various social actors, local, national, and international.",UNESCO_01,,"Art, Sociology, History",PUB_00143,,,BOOK_00010
PUB_00144,Post-conflict Heritage and Tourism in Cambodia: The Burden of Angkor,Article,https://doi.org/10.1080/13527250802503274,N,University of Sydney,Australia,2008,Tim Winter,English,Taylor and Francis,"Angkor, Cambodia, Conflict, Development, Poverty, Tourism",International Journal of Heritage Studies,"Volume 14, Issue 6",,"The World Heritage Site of Angkor is enduring one of the most crucial, turbulent periods in its 1200-year history. Since the early 1990s over 20 countries have contributed millions of dollars to help safeguard and restore its temples. As one of Southeast Asia's premier destinations, Angkor has also seen a 10,000\% growth in international tourist arrivals in just over a decade. The challenges arising from the intense convergence of these two paradoxical and unstable agendas-Heritage Studies and tourism development-are greatly compounded by Cambodia's need to recover from war and turmoil. This paper explores the critical trends that have surfaced at Angkor and why the challenges posed by surging tourism have been inadequately addressed. It argues Angkor's dominant role within Cambodia's post-conflict heritage and tourism industries requires closer, more critical attention given recent events in the country. This article is the summary of Winter's book Post-conflict Heritage, Post-colonial Tourism (Routledge 2007).",UNESCO_01,,"Heritage Science, Economics",PUB_00144,JNL_00045,J45_VOL14_I6,
PUB_00145,"Protecting World Heritage: Regulating Ownership and Land Use at Angkor Archaeological Park, Cambodia",Article,https://doi.org/10.1080/13527250902933900,N,University of Sydney,Australia,2009,Josephine Gillespie,English,Taylor and Francis,"World Heritage, Angkor, Cambodia, Law, Land Use, Ownership",International Journal of Heritage Studies,"Volume 15, Issue 4",,"This paper contemplates whether, and in what ways, proprietary interests in land and land usage are affected by a World Heritage listing, using Angkor Archaeological Park, Cambodia, as the case study. The effect is measured through the identification and synthesis of the national legislative and local regulatory response to the implementation of the World Heritage listing. Such an analysis illustrates that the listing imposes significant restraints on land use and ownership which impact directly on the local resident communities of Angkor. A breakdown of the regulatory response also highlights the limitations inherent in the existing regulatory framework. There is a consideration of the concept of `ownership' in a World Heritage site of `outstanding universal value'. In raising these issues, this paper highlights the challenges facing heritage managers in attempting to marry local needs with the demands of international heritage protection in the setting of a post-conflict Southeast Asian nation.",UNESCO_01,,"Art, Law, Public Administration",PUB_00145,JNL_00045,J45_VOL15_I4,
PUB_00146,Buffering for conservation at Angkor: questioning the spatial regulation of a World Heritage property,Article,https://doi.org/10.1080/13527258.2011.603737,N,University of Sydney,Australia,2012,Josephine Gillespie,English,Taylor and Francis,"World Heritage, core, buffer zone, ZEMP, Angkor",International Journal of Heritage Studies,"Volume 18, Issue 2",,"Since the early 1970s, the proliferation of World Heritage (WH) properties across the globe has strengthened the conservation and protection of natural and cultural heritage. As the listing of the 1000th WH property approaches, it is timely to review how the ideals of protection expressed in international agreements such as the World Heritage Convention transfer to land use planning regimes at the local, property-specific, level. Conservation, in practice, sees the enactment of rules that become spatially expressed, oftentimes, in the form of zoned planning overlays. Buffer zones, in particular, are a favoured tool in WH site management to protect the core property, yet there is a lack of data about the evolution, use and effectiveness of this approach. This paper considers the core-and-buffer-zone principle in the protection of the WH property at Angkor, Cambodia. Reflecting on the circumstances of Angkor's listing, this paper argues, first, that while the core-and-buffer-zones approach remains a useful tool in land use planning, far more research and reflection should be required before zone design is determined and applied, and second, that diverse site circumstances dictate that a standardised core-and-buffering approach may not always be the best solution.",UNESCO_01,,"Heritage Science, Public Administration",PUB_00146,JNL_00045,J45_VOL18_I2,
PUB_00147,Understanding patterns of vegetation change at the Angkor World Heritage site by combining remote sensing results with local knowledge,Article,https://doi.org/10.1080/01431161.2020.1809739,N,University of Sydney,Australia,2021,"Nathan A Wales, Richard J Murphy, Eleanor Bruce",English,Taylor and Francis,,International Journal of Remote Sensing,"Volume 42,  Issue 2",,"This research uses two disparate data types, quantitative bi-temporal Multivariate Alteration Detection (MAD) remote sensing with qualitative interview data, to examine the spatial and temporal relationships between patterns of vegetation change at the Angkor World Heritage site, Cambodia. The time period of the research data corresponds with periods where there were significant shifts in the regulations affecting management of the site. The findings suggest that components of change identified from MAD across different spatial and temporal scales can be translated to that observed in the field or `real world'. Although MAD results provide an indication of change at specific locations, the results from field investigations and interviews suggest, however, that the different forms of change identified are not always clearly understood. For example, in the case where MAD outputs and associated spectral plots suggest evidence of fire in the landscape, it is not clear whether this is the main contributor to vegetation loss at given sites. The research demonstrates that identifying patterns of vegetation change from satellite imagery is achievable using novel and largely under-utilized methods. However, understanding the forms of change and contributing factors are considerably more complex.",UNESCO_01,,"Remote Sensing, Ecology, Archaeology",PUB_00147,JNL_00047,J47_VOL42_I2,
PUB_00148,"World Heritage management: boundary-making at Angkor Archaeological Park, Cambodia",Article,https://doi.org/10.1080/09640568.2012.657868,N,University of Sydney,Australia,2013,Josephine Gillespie,English,Taylor and Francis,"World Heritage, boundary, local, Angkor Archaeological Park, Cambodia",Journal of Environmental Planning and Management,"Volume 56, Issue 2",,"A World Heritage (WH) designation requires that international obligations to protect and conserve pre-eminent natural and cultural heritage properties be implemented at a local level. As part of this obligation to protect, each WH property needs to be demarcated in space (or bounded). While there is a large literature relating to the efficacy of protected area management from a wide variety of perspectives which include, but are not limited to, tourism, livelihood and dislocation issues, this paper argues that further studies that specifically assess the significance and/or relevance of WH property boundary-making from a local perspective are required to aid WH site management. Using the Angkor Archaeological Park WH property in Cambodia as a case study, this paper documents local perceptions about WH boundaries, and demonstrates that, in this example, there is a discrepancy between local expectations and the official designation of the spatial extent for the heritage property. Moreover, it is argued that the unique circumstances surrounding the listing of Angkor resulted in rigid boundaries that lack local resonance and that continue to create challenges for local people and the management authority. Although Angkor's circumstances are inimitable, there are wider lessons that can be drawn from this example about the efficacy of WH and protected area boundary-making'.",UNESCO_01,,"Heritage Science, Public Administration",PUB_00148,JNL_00056,J56_VOL56_I2,
PUB_00149,Agriculture and tourism linkage constraints in the Siem Reap-Angkor region of Cambodia,Article,https://doi.org/10.1080/14616688.2014.915878,N,Victoria University,Australia,2014,"Nara Mao,Helena Grunfeld,Terry DeLacy, David Chandler",English,Taylor and Francis,"Angkor, Cambodia, poverty alleviation, agriculture, Siem Reap, tourism","Tourism Geographies: An International Journal of Tourism Space, Place and Environment","Volume 16, Issue 4",,"Building on previous research on agriculture and tourism linkages in developing countries, this study investigates such linkages in Cambodia's Siem Reap region, exploring whether local farmers have benefitted from the influx of tourists. While other studies have tended to focus on the demand side, the approach in this study is from the supply side, taking mainly the perspective of local farmers. A two-step qualitative methodology was used. In the first stage, officials and informal leaders identified key factors constraining such linkages and in the second stage a questionnaire was administered to individual farmers, asking them to rate constraints identified in the first step. The market, institutional and supply driven constraints encountered by local farmers in gaining entry to the tourism market are similar to those faced by farmers in other developing countries. These multi-dimensional limitations are interwoven in that the inability of farmers to supply the tourism market was found to be a function of both demand and supply factors, the latter mainly structural. The significance of this study is that it complements the existing literature with the perspective of farmers, giving a different angle in the study of tourism and agriculture linkages, and expands the geography where such linkages have been studied, a different country and a world renowned cultural heritage site. The findings provide useful insights for policy makers in Cambodia and beyond in their endeavours to improve agriculture-tourism linkages, thereby benefitting local farmers and assisting in poverty alleviation.",UNESCO_01,,Economics,PUB_00149,JNL_00087,J87_VOL16_I4,
PUB_00150,The gift of Indian higher learning traditions to the global research university,Article,https://doi.org/10.1080/02188791.2019.1621799,N,University of Toronto,Canada,2019,Ruth Hayhoe,English,Taylor and Francis,"Indian monastic universities, Mahayana Buddhism, women's scholarship, shuyuan, academies, Asian learning gifts",Asia Pacific Journal of Education,"Volume 39, Issue 2",,"The paper begins with a brief vignette of Angkor Wat in Cambodia as a great center of learning, and then highlights the traditions of Indian monastic institutions which had deeply influenced its development. It then turns the main features of the Mahayana tradition of Buddhism, showing how they created a space for women's scholarship to flourish. The next section focuses on the development of shuyuan or academies in China that arose out of the patterns of Buddhist monasteries, demonstrating another aspect of their progressive influence. Throughout the paper comparisons are made with the European university tradition, and the conclusion considers the gifts these learning traditions could bring to the global research university.",UNESCO_01,SITE_00030,Education,PUB_00150,JNL_00017,J17_VOL39_I2,
PUB_00151,"Three-dimensional deformation monitoring and simulations for the preventive conservation of architectural heritage: a case study of the Angkor Wat Temple, Cambodia",Article,https://doi.org/10.1080/15481603.2020.1871188,Y,"Hengyang Normal University1, Harokopio University Athens2","China1, Greece2",2021,"Fulong Chen1,Hang Xu1,Wei Zhou1,Wenwu Zheng1,Yunyuan Deng1, Issaak Parcharidis2",English,Taylor and Francis,"InSAR, numerical simulation, three-dimensional deformation, architectural heritage, angkor Wat",GIScience and Remote Sensing,"Volume 58, Issue 2",,"Architectural heritage has important historical, artistic, and technological value. However, these sites are subject to long-term degradation and are sensitive to disturbances from the surrounding landscape, resulting in the potential deterioration of the architecture. Deformation is a quantitative indicator of the vulnerability of architectural heritage. The extraction of three-dimensional (3D) deformation via existing geodetic approaches, such as global navigation satellite systems (GNSS) and interferometric synthetic aperture radar (InSAR), proves to be a challenging task. In this study, we proposed an adaptable methodology for the preventive monitoring of architectural heritage by integrating differential SAR tomography (D-TomoSAR) and a finite element method (FEM) to overcome the limitations of current geodetic approaches in cultural applications (i.e., sparse measurements in space, time- and labor-intensive). The Angkor Wat Temple, a well-known monument at the Angkor World Heritage site, Cambodia, was selected as the investigation target. We used D-TomoSAR to calculate the deformation, height, and thermal dilation of the structure using 46 TerraSAR-X images acquired during 2011-2013. InSAR deformation measurements were used as the constraint for the 3D deformation simulation and structural monitoring using an integrated approach to diagnose the soundness of the architectural structure. The experimental results demonstrate the following: 1) the integration of InSAR measurements prevented the underestimation of structural instabilities and linked the simplified physical model and mechanical parameters to the FEM simulation. 2) The Angkor Wat Temple appeared stable, however, structural instabilities were detected with an absolute deformation rate of up to 3 mm/yr. 3) Daily changes in thermal-related deformations caused by incoming frontal and posterior solar radiation-induced the bending of the architecture and the risk of structural defects. Our study reveals the defect mechanism of the Angkor Wat Temple and demonstrates the potential of the proposed method for the health diagnosis and preventive safeguarding of architectural heritages across the globe.",UNESCO_01,,"Geography, Remote Sensing",PUB_00151,JNL_00036,J36_VOL58_I2,
PUB_00152,Khmer Potent Places: Parami and the Localisation of Buddhism and Monarchy in Cambodia,Article,https://doi.org/10.1080/14442213.2017.1375553,N,Centre National de la Recherche Scientifique,France,2017,Anne Yvonne Guillou,English,Taylor and Francis,"Potency, Spirits, Post-Angkorean Period, Animism, Pursat, Ang Chan",The Asia Pacific Journal of Anthropology,"Volume 18, Issue 5",,"Cambodia is strewn with places of national, local or, most frequently, village importance, considered as potent places, that is to say, places that are said to have agency and a positive or negative power of interaction with human beings. This paper emphasises the constituent principles of potency using case studies based on ethnographic research conducted between 2007 and 2015 in Pursat province, western Cambodia. Beginning with the analysis of the sanctuary of a powerful land guardian spirit called Khleang Muang, the author progressively guides the reader to all the potent places that form a network which spatially tells the legend of the sixteenthcentury Khmer King Ang Chan who passed by Pursat, coming from Angkor and settled in Lovek (south of Tonle Sap Lake). Violent death and sacrifices, rituals, spiritual energy called parami, old buildings, monasteries, precious tableware kept in the soil, trees, stones, termite mounds. all those constituents of the potency of the places are analysed. The author's discussion of the core of potency (parami and parami) enables her to show how Buddhism and land guardian spirit cults are entangled in a single still hierarchical religious system. Finally, the author analyses how potent places in Cambodia embody a process of localisation of the nation-level institution of monarchy.",UNESCO_01,,Anthropology,PUB_00152,JNL_00083,J83_VOL18_I5,
PUB_00153,From a colonial reinvention to postcolonial heritage and a global commodity: performing and re-enacting Angkor Wat and the Royal Khmer Ballet,Article,https://doi.org/10.1080/13527258.2013.794746,N,Ruprecht Karls University Heidelberg,Germany,2014,Michael S Falser,English,Taylor and Francis,"re-enactment, performance, Angkor, Royal Khmer Ballet, architecture, cultural heritage",International Journal of Heritage Studies,"Volume 20, Issue 7-8",,"It is a commonplace that cultural heritage is not only a highly contested concept of modern times, full of nationalistic undertones, cultural stereotypes and essentialist topoi such as past grandeur and enduring cultural purity. Cultural heritage has also become the easiest and most profitable prey for today's global tourism industry. These observations apply with particularly dramatic consequences to young emerging, postcolonial nation states with a rich repertoire of built (tangible) and performed (intangible) culture - especially if elements of this repertoire are branded `UNESCO World Heritage' without considering their contested formation histories. Few other iconic heritage sites are more instructive in showcasing these observations than the temple site of Angkor, by charting the transcultural trajectories of Cambodia's heritage construction through the processes of French colonial reinvention, postcolonial/nationalist essentialisation, and global commodification. This paper focuses on the `Royal Khmer Ballet' as cultural performance and heritage re-enactment in combination with the twelfth-century temple of Angkor Wat as architectural stage. References to similar `heritagisation' processes in the (post) colonial Dutch East Indies (now Indonesia) will help to anchor this transcultural enquiry.",UNESCO_01,,"Art, Heritage Science",PUB_00153,JNL_00045,J45_VOL20_I7,
PUB_00154,Mundane Myths: Heritage and the Politics of the Photographic Cliche,Article,https://doi.org/10.1080/14655187.2017.1384279,N,University College London,United Kingdom,2016,Colin Sterling,English,Taylor and Francis,"heritage, photography, cliche, mythscapes, ideology, affect, Angkor",Public Archaeology,"Volume 15, Issue 2-3",,"This paper considers the impact of photographic cliches on the management, conceptualization, and experience of heritage. Working along the grain of pejorative readings of `snapshot' photography, this account views the repetitiveness and redundancy of the cliche as a critical point of departure, rather than a cause for reproach. Taking the World Heritage Site of Angkor as a core case study, three intersecting axes of political concern are sketched out to elucidate the broad social, material, and affective implications of cliched photography for heritage. First, processes of dehistoricization and depoliticization are interrogated in relation to the role certain images play in constructing a mythic sense of the past in the present. This leads directly in to the second strand of analysis, which examines the various ways in which individuals negotiate these myths through the production of their own highly personalized photographic cliches. Here I develop the concept of an embodied politics of heritage photography to grasp the multivalent resonances of tourist cliches in particular. Finally, the implicit and explicit forms of spatial control that permeate sites such as Angkor are examined in relation to the photographic cliches they respond to and help shape.",UNESCO_01,SITE_00030,Archaeology,PUB_00154,JNL_00075,J75_VOL15_I2,
PUB_00155,Angkor Wat: A Case Study in the Legal Problems of International Cultural Resource Management,Article,https://doi.org/10.1080/10632921.1995.9941775,N,Cleveland State University,United States of America,1995,John W Monroe,English,Taylor and Francis,,"The Journal of Arts Management, Law, and Society","Volume 24, Issue 4",,"Early Cambodian settlement sites provide excellent opportunities for aerial archaeology. Settlements were highly and consistently structured and can be identified from the air from their spatial patterning. Furthermore, remains of occupation and infrastructure can generally be found on the surface of the landscape, or are near enough to the surface to be identified by surface characteristics. After two decades of intensive and systematic remote sensing research at Cambodian archaeological sites, the contribution of aerial archaeology has been substantial. Not only has an enormous amount of new information been generated, but applications of remote sensing have provided the foundation for major multidisciplinary projects and have addressed important historical issues and debates. This paper summarises applications of remote sensing in archaeology at the site of Angkor undertaken by members of the Greater Angkor Project, and provides preliminary results for a range of ongoing studies at other early settlement sites in Cambodia including Banteay Chmar, Koh Ker, Preah Khan of Kompong Svay, Beng Melea and Sambor Prei Kuk.",UNESCO_01,SITE_00030,"Law, Heritage Science",PUB_00155,JNL_00085,J85_VOL24_I4,
PUB_00156,"ASEAN as a ""Rules-based Community"": Business as Usual",Article,https://doi.org/10.1080/10357823.2018.1444016,N,University of Western Australia,Australia,2018,Kelly Gerard,English,Taylor and Francis,"Rule of law, dispute settlement, ASEAN Charter, ASEAN Economic Community, Preah Vihear, Southeast Asia",Asian Studies Review,"Volume 42, Issue 2",,"In establishing the ASEAN Economic Community, ASEAN political elites emphasised their commitment to the rule of law. The definition of the rule of law adopted in the ASEAN Charter mirrored UN reforms that recognised the rule of law as interlinked with democracy and human rights. This commitment raises questions, given the various tactics employed by the grouping's authoritarian and post-authoritarian regimes to silence dissent. This article critically assesses this apparent shift in regional governance. It first maps the inclusion of rule of law rhetoric in agreements since ASEAN's foundation, and then examines the form and implementation of dispute settlement mechanisms. It finds that dispute settlement mechanisms have consistently retained the scope for protracted political and bureaucratic negotiation between disputing parties, and ``opt out{''} clauses that enable their contingent application. These findings undermine claims regarding the development of a ``rules-based community{''}, and indicate the continuation of rule by law rather than rule of law. The emphasis placed on ASEAN's rule of law reforms by elites suggests, then, the rebranding of this political project in support of the ASEAN Economic Community so as to create confidence for investors in the region's juridical environment.",UNESCO_02,SITE_00113,"International Relations, Law",PUB_00156,JNL_00019,J19_VOL42_I2,
PUB_00157,Cambodia-Thailand Sovereignty Disputes: Implications for Cambodia's Strategic Environment and Defence Organization,Article,https://doi.org/10.1080/09700161.2017.1278879,N,Australian Defense Force Academy,Australia,2017,Veasna Var,English,Taylor and Francis,"Temple, Owns",Strategic Analysis,Volume 47 Issue 2,,"This article analyses two security challenges facing the Royal Cambodian Government (RGC) and the Cambodian Defence Organization at the strategic level for the next decade. The first obvious challenge relates to the stalemated territorial dispute along the Cambodia-Thailand border, particularly the question of ownership of the Preah Vihear (called PhraViharn in Thailand) temple and its surrounding area since October 2008. Bilateral talks to manage the crisis and dispute failed, and the same happened to mediation and peacekeeping efforts by the Association of Southeast Asian Nations (ASEAN) in general and Indonesia in particular. This is considered to be a top security challenge for Cambodia's national security and drives the military forces' capability adjustment. The second challenge arises from the overlapping maritime boundary dispute with Thailand in an area which is believed to contain significant oil and natural gas reserves. The article will focus on the nature of the current border conflict with Thailand and its implications for the Cambodian Defence Organization given its limited budget and capability. This article argues that these two key security factors have significantly underpinned Cambodia's strategic environment and have greatly impacted upon and shaped Cambodia's reform agenda, defence posture and international engagements. It is also argued the conflict severely tested the regional organization ASEAN and Indonesia as its Chair.",UNESCO_02,SITE_00113,International Relations,PUB_00157,JNL_00082,J82_VOL47_I2,
PUB_00158,From a pile of stones to a national symbol: Preah Vihear Temple and Norodom Sihanouk's politics of postcolonial nation-building,Article,https://doi.org/10.1177/0967828X18775557,N,Royal University of Phnom Penh,Cambodia,2018,Kimly Ngoun,English,Taylor and Francis,"Cambodia, nation-building, nationalism, Norodom Sihanouk, postcolonial politics, Preah Vihear Temple",South East Asia Research,"Volume 26, Issue 2",,"Existing studies of the Cambodia-Thailand conflict over the Khmer temple of Preah Vihear tend to regard the temple as nationally significant to both countries. However, little is known about how the border temple complex has emerged from obscurity to symbolize the nation in Cambodian nationalist discourse. Therefore, this article seeks to examine the stakeholders, contexts, and specific political situations implicated in the emergence of the ancient temple as a site of national significance. It links the temple's rise to national prominence in Cambodia to the broader context of Prince Norodom Sihanouk's politics of postcolonial nation-building. I argue that Sihanouk had a strong stake in the temple and the conflict over it with Thailand. His investment in the project of nationalism in relation to the temple was an important resource in pursuing his wider political objectives in building the post-independence Cambodian nation.",UNESCO_02,SITE_00113,"Political Science, Sociology",PUB_00158,JNL_00081,J81_VOL26_I2,
PUB_00159,"Loving culture, living peace: the link between cultural heritage engagement and peace values in Cambodia",Article,https://doi.org/10.1080/13527258.2026.2642609,N,"Hubei Minzu University1,  Tongren Polytechnic University2, Universitas Islam Negeri Sunan Kalijaga3, National University of Battambang4","China12, Indonesia3, Cambodia4",2026,"Di Chen1, Pheaktra Phal2, Songqiang Bai1, Thoriq Tri Prabowo3, Vibol Peuo4",English,Taylor and Francis,,International Journal of Heritage Studies,"Volume 32, Issue 5",,"Preah Vihear Temple, a UNESCO World Heritage Site on the Cambodia-Thailand border, sustained damage during the 2025 conflict between the two countries. As the proverb reminds us, `water can overturn a boat but can also carry it', this illustrates the dual role of cultural heritage as both a trigger of conflict and a source of reconciliation. While political narratives framed heritage as a flashpoint, this study, based on a field survey in three Cambodian provinces, shows that public attitudes highlight its peacebuilding potential. Quantitative data from 348 respondents were analysed to assess cultural heritage engagement (CHE) and peace values (PV), examine demographic influences, and explore their relationship. Complementary qualitative interviews further captured public perspectives on heritage protection and peacebuilding amid conflict. Both findings reveal the positive role of grassroots engagement with heritage in fostering reconciliation and advancing sustainable peace.",UNESCO_02,SITE_00113,"Heritage Science, Sociology",PUB_00159,JNL_00045,J45_VOL32_I5,
PUB_00160,Uneasy Lies the Crown: External Threats to Religious Legitimacy and Interstate Dispute Militarization,Article,https://doi.org/10.1080/09636412.2022.2038664,N,Bar Ilan University,Israel,2022,"Ariel Zellman, Davis Brown",English,Taylor and Francis,"Issue Indivisibility, Ethnic-Conflict, Public-Opinion, Preah Vihear, Identity, Politics, Civil, War, State, Violence",Security Studies,"Volume 31, Issue 1",,"Although often argued that religion should significantly influence international conflict, the empirical record is mixed. For every recurrent interreligious conflict, there are numerous examples of sustained interreligious cooperation. Conflict also frequently mars the oft-assumed peaceful relations between shared-religion states. We argue that religion is an important intervening factor in interstate dispute militarization, especially between internally threatened rivals. In mixed-religion dyads, conflict often follows oppression of cross-border coreligionists, whereas in shared-religion dyads, conflict occurs as one side disproportionately increases its official support for that religion. In both instances, dispute militarization is primarily an effort to undercut domestic competitors, whose challenge is augmented by external threats to leaders' religious legitimacy. We test these propositions using new, long-term data on religious demography and state-religion policy, identifying rivalries via antecedent interstate territorial disputes. The findings largely confirm our hypotheses, substantially clarifying the conditions under which religion contributes to international militarized conflict.",UNESCO_02,SITE_00113,"International Relations, Law",PUB_00160,JNL_00079,J79_VOL31_I1,
PUB_00161,Siam mismapped Revisiting the territorial dispute over the Preah Vihear temple,Article,https://doi.org/10.5367/sear.2014.0196,N,Yonsei University,South Korea,2014,Sang Kook Lee,English,Taylor and Francis,"simulacrum, hyperreality, geo-body, nationalism, Preah Vihear, Baudrillard",South East Asia Research,"Volume 22, Issue 1",,"This paper examines the territorial dispute over the Preah Vihear temple on the Thai-Cambodian border. It sheds new light on discussions of the geo-body and nationalism by engaging with cultural theorist Jean Baudrillard's notions of the simulacrum and hyperreality in association with maps. The dispute over the temple of Preah Vihear has centred on one particular map, known as the Annex 1 map, which locates the temple in Cambodian territory. The map has not remained an inanimate object, but has instead become a `living thing' and attained something of a `soul'. As a result, any sense of mismapping which results in the loss of territory is no other than the equivalent of a loss of the biological body, as a result of which real conflict ensues. This paper reveals the historical process of how the Annex 1 map has become a simulacrum in Baudrillard's sense of the term, to the extent that it creates an instance of hyperreality to which people are emotionally attached.",UNESCO_02,SITE_00113,"International Relations, Law",PUB_00161,JNL_00081,J81_VOL22_I1,
PUB_00162,Disturbing the nationalist imaginary: everyday resistance to nationalism in the Thai-Cambodian borderland,Article,https://doi.org/10.1080/2158379X.2018.1525178,N,University of Gothenburg,Sweden,2018,Katrina Gaber,English,Taylor and Francis,"Borderland, Khao Phra Wihan, Preah Vihear, nationalism, resistance, Thailand",Journal of Political Power,"Volume 11, Issue 3",,"Based on narratives from civil societal actors that have been involved in some way in the conflict over Khao Phra Wihan, this paper concerns the construction of the Thai nation, and how that is resisted. The paper brings together social constructivist views on nationalism with research on everyday, low-scale, individual, non-organized, covert, low-profile forms of resistance. The way nationalism is resisted in the borderland can be categorized into three main themes: (1) Everyday resistance through evasion, (2) Everyday resistance through re-categorization, and (3) Everyday resistance through re-imagination.",UNESCO_02,SITE_00113,"Anthropology, Sociology",PUB_00162,JNL_00059,J59_VOL11_I3,
PUB_00163,"All quiet on the Thai-Cambodian front: Drivers, dynamics, directions",Article,https://doi.org/10.1177/0967828X18809591,N,Chulalongkorn University,Thailand,2018,Thitinan Pongsudhirak,English,Taylor and Francis,"Cambodia, Hun Sen, Preah Vihear, Thai-Cambodian relations, Thailand, Thaksin Shinawatra",South East Asia Research,"Volume 26, Issue 4",,"That Thai-Cambodian relations are stable and peaceful after Thailand's most recent military coup in 2014 is counterintuitive and inconsistent with recent trends and dynamics. When governments loyal to Thaksin Shinawatra took power over the past decade, bilateral relations were cordial and constructive. Conversely, when anti-Thaksin governments were in office, Thai-Cambodian relations became unstable and adversarial. But this has not been the case after the military regime under General Prayut Chan-ocha seized power and overthrew the Thaksin-aligned government of Prime Minister Yingluck Shinawatra. The dominant strand of scholarly explanations attributes the volatile bilateral relationship to Thai historical forces interacting with domestic politics, underpinned by a `national humiliation' discourse dating to French imperialism. But such an informed understanding is unable to pinpoint the timing and extent of the bilateral conflict when it flared up. Synthesising overlapping streams of literature and drawing on select interviews, this article sets out to demonstrate that the post-coup Thai government's commitment and resolve to prevail at all costs ahead of the royal succession and the incumbent Cambodian government's weakened political legitimacy at home have combined to situate and normalise bilateral relations on a new plateau.",UNESCO_02,SITE_00113,International Relations,PUB_00163,JNL_00081,J81_VOL26_I4,
PUB_00164,Border wars: the ongoing temple dispute between Thailand and Cambodia and UNESCO's World Heritage List,Article,https://doi.org/10.1080/13527258.2011.524001,N,University of Illinois,United States of America,2011,Helaine Silverman,English,Taylor and Francis,"Thailand, Cambodia, Preah Vihear, UNESCO, World Heritage List, cultural heritage, nationalism",International Journal of Heritage Studies,"Volume 17, Issue 1",,"This article traces the history of the ongoing tension between Thailand and Cambodia over a beautiful Khmer temple located on the unresolved border between the two countries. The struggle is noteworthy for its transethnic character, the deep and imbricated history of the players, and the fight's intersection with dramatic contemporary politics in both countries. The paper argues that the dispute implicates existential challenges to ancient and contemporary political legitimacy. It emphasizes the significant role iconic sites can play in the construction of national identity as well as in the competitive global tourism market. The paper questions UNESCO cultural heritage policy concerning contested nominations to the World Heritage List and offers a recommendation for future treatment of similar cases.",UNESCO_02,SITE_00113,"Heritage Science, International Relations, Economics",PUB_00164,JNL_00045,J45_VOL17_I1,
PUB_00165,A pile of stones? Preah Vihear as a Thai symbol of National Humiliation,Article,https://doi.org/10.5367/sear.2013.0139,N,Wayne State College,United States of America,2013,Shane Strate,English,Taylor and Francis,"imperialism, irredentism, Thai nationalism, Preah Vihear, National Humiliation",South East Asia Research,"Volume 21, Issue 1",,"The most recent border tensions between Thailand and Cambodia represent only the latest round of conflict over the status of Preah Vihear (Thai: Phra Viharn). This article uses newspaper and archival material to explore the modern history of the temple, largely from the Thai perspective, and focuses on how Preah Vihear has become the centrepiece of a Thai discourse on National Humiliation. Beginning with Prime Minister Phibun Songkhram's irredentist campaign of 1940, the Thai have associated these ancient ruins with the legacy of Western imperialism, particularly the territory `lost' to French Indochina. For Thai nationalists, the 1962 international court case that awarded sovereignty over the temple site to Cambodia is an example of neo-imperialism that is part of this legacy. Thai media coverage of the court case compared the Preah Vihear situation with past defeats, including the loss of the four provinces in 1946 and the Franco-Siamese crisis of 1893. Conversely, Sihanouk and Cambodian leaders constructed a counter-narrative that compared Thai claims to Preah Vihear with the long history of Siamese imperialism in the region. It is Preah Vihear's centrality in National Humiliation discourse, rather than its religious or architectural significance, which makes it a powerful icon.",UNESCO_02,SITE_00113,"Political Science, Sociology",PUB_00165,JNL_00081,J81_VOL21_I1,
PUB_00166,"Location of a pre-Angkor capital city in relation to geomorphological features of lower reach of the Stung Sen River, central Cambodia",Article,https://doi.org/10.3166/ga.23.255-266,Y,"University of Tokyo1, Waseda University2",Japan,2010,"Naoko Nagumo1,Toshihiko Sugai1, Sumiko Kubo2",English,Taylor and Francis,"fluvial deposits, monsoonal flood, Cambodia, Sambor Prei Kuk, meander",Geodinamica Acta,"Volume 23, Issue 5-6",,"The Sambor Prei Kuk archaeological site in lower reach of the Stung Sen River, central Cambodia, is the site of the capital city of the pre-Angkor state of Chen la. The location of Sambor Prei Kuk is discussed in relation to the geomorphological characteristics of lower reach of the Stung Sen River and the requirements of the inhabitants. The uplands were divided into upland I, which is characterized by hills, and uplands II and III, both of which have flat surfaces, with upland III lower than upland II. The present river follows a meandering course within a conspicuous meander scroll zone, and deposits along the channel are repeatedly eroded and redeposited. Back marsh areas have gradually filled with suspended flood water sediments during the last 4600 years at an accumulation rate of 0.6 mm/yr. The floodplain and lake plain were divided into five zones to evaluate the monsoonal flood risk and accessibility to upland, considering uplands distribution. Sambor Prei Kuk on upland II with the port town adjacent the river is situated on the place where water transport is feasible and the risk of monsoonal flood is low, which means the people accommodated to the highly different dry and monsoonal environment. (C) 2010 Lavoisier SAS. All rights reserved",UNESCO_03,"SITE_00146, SITE_00132, SITE_00123, OBJ_00142","Geology, Geochemistry",PUB_00166,JNL_00034,J34_VOL23_I5,
PUB_00167,"Damage Assessment and Guidelines for Restoration Methods of Ancient Brick Structures at Sambor Prei Kuk, Cambodia",Article,https://doi.org/10.1080/15583058.2021.1884319,Y,"University of Tsukuba1, Norton University2, National Authority for Sambor Prei Kuk3","Japan1, Cambodia23",2021,"Ichita Shimoda1,Sokuntheary So2, Vitharong Chan3",English,Taylor and Francis,"Angkor, authenticity, brick, deformation, restoration, Sambor Prei Kuk, tropical climate","International Journal of Architectural Heritage: Conservation, Analysis, and Restoration","Volume 16,  Issue 9",,"Many ancient brick structures have been recorded in the archaeological site of Sambor Prei Kuk. Most of these structures were considered to be built in the 7th century as religious facilities of royal city Isanapura and abandoned in the 15th century. Since then, the brick structures in this site had been covered by dense forest and suffered severe damage due to the tropical climate. This archaeological site was inscribed on the World Heritage List in 2017, and proper intervention is needed to preserve the remaining brick structures. The Sambor Prei Kuk Conservation Project carried out comprehensive research on the state of conservation for all 286 brick structures in this site. This project has developed a risk map, and carried out the survey of structural deformation and diagnosis of deterioration. Based on these surveys, the main causes of damage were identified: outward deformation of the base and foundation, thrust caused by the roof of the corbel arch, structural weakness at the door opening, fragmentation of brickwork by invasive vegetation, and impact of fallen tree. Finally, appropriate and acceptable restoration methods which can effectively stabilize and consolidate the brick structures to prevent further destruction while not negatively affecting the authenticity were discussed.",UNESCO_03,,"Architecture, Geotechnical Engineering",PUB_00167,JNL_00042,J42_VOL16_I9,
PUB_00168,A study on the existence of pre-Angkor capital city in Cambodia,Proceeding,https://doi.org/10.14866/ajg.2011s.0.65.0,N,University of Tokyo,Japan,2011,"Naoko Nagumo, Toshihiko Sugai",Japanese,The Association of Japanese Geographers,"The Stung Sen River, Sambor Prei Kuk, Pre-Angkor period, Cambodia",,,Annual Meeting of the Association of Japanese Geographers 2011,"1. はじめに. カンボジア中部コンポントム州に立地するサンボー・プレイ・クック遺跡群は，プレアンコール時代（7世紀）の王都イーシャナプラに比定される都城遺跡である．都城はセン川の氾濫原に面するように建設され，水路でセン川と結ばれるなど，河川との強い結びつきが示唆される．そこで本研究では，特に水上交通路としてのセン川に着目し，王都の存立を考察する. 2. 王都の構造. 　サンボー・プレイ・クックでは，居住区，都城区，寺院区が東西軸上に配列されている．寺院区の東正面からは，セン川方向へ二本の参道が建設され，その北側には都城区とセン川を結ぶ水路状の遺構が確認できる．プレアンコール時代の住居址は現在のところ発見されていないが，人々は木造の家屋に居住していたと考えられる．その一方で，寺院区や都城区の一部で見られる祠堂には主にレンガが使用され，破風やドア枠材には砂岩が使用された．また，祠堂内部にはハリハラ神やブラフマー神の彫像が安置され（下田・中川，2008），寺院区はヒンズー教の聖域として具現化された．隋書（真臘伝）によれば，7世紀当時のサンボー・プレイ・クックには二万戸の家屋があった（古典研究會，1971）．これはどの範囲の戸数であるか定かではないが，往時には大変な賑わいであったことが想像される．こうした人口を維持していくためには，安定的に供給される食料が必要であった．居住区にはプレアンコール時代に由来すると考えられる小区画水田とため池の痕跡（古城・久保，2003）が多数認められるが，これらはごく狭い範囲に限られ，王都の人口すべてを支えていたとは考えにくい．そのため，現在稲作が主に行われているセン川氾濫原でも食料生産が行われていた可能性，そして後背都市の余剰生産が王都に納められていた可能性が考えられる.　サンボー・プレイ・クックでは，こうした食糧や寺院区に参拝に訪れる人々，祠堂の建設や王都造営に関連する膨大な建築資材・技術者の効率的な輸送が必要であったと考えられ，ここに効果的に機能する交通網の必要性が見出される. 3. プレアンコール時代を支えた水上交通網の特徴. サンボー・プレイ・クック近くのセン川氾濫原は雨期の氾濫リスクが比較的低く，円滑な水上交通運営が可能な場所である．セン川河岸の町と都城区を水路で結ぶことで，王都の主交通路としてのセン川の利便性を高めていたと考えられる（Nagumo et al., in press）.その一方で，都城区の西辺からはアンコール地域に続く陸道が建設された（下田・中川2009）.セン川等を利用した水上交通路に比べ，陸上交通路の整備には莫大な費用と人員が必要である．この地域では雨期と乾期の季節変動を伴うことから，建設期間も長期に及んだと考えられる．また，完成後も定期的なメンテナンスが必要である一方で，幹線交通路としての輸送能力は水上交通路よりも劣る．王都に納められる膨大な農産物や荷重のある建築資材などの運搬には，浮力を利用した水上交通路が適していただろう．サンボー・プレイ・クックとセン川は複数の水路で結ばれていることから，都城内部への運搬も円滑に進められたと想像される．4. アンコール期への発展を支えた水上交通の維持と陸上交通網の整備. 　後のアンコール時代には，アンコール地方と地方都市を結ぶ五本の幹線道（いわゆる「王道」）が建設され（Bruguier，2000），国内には多くの水利構造物が建設された．アンコール時代の王都の人口は最盛期にはおよそ60万人に達し（石澤，1997），その支配は「王道」に代表されるような陸上交通路に支えられた．プレアンコール時代には水域の効果的な利用を目指したが，アンコール時代にはその管理を目標にしたと考えられる．すなわち，プレアンコール時代以降，都城と河川とのかかわりが変化し，国土の支配を河川によって構築しようとした時代から，それを陸路によって構築しようとした時代に変化したと捉えられる．古代カンボジア社会の成熟期とも言えるアンコール時代の繁栄は，モンスーンの影響を受ける地形・水文環境を理解し，適応してきたプレアンコール時代の試行錯誤と経験の上に築かれたと考えられる．",UNESCO_03,,"History, Archaeology",,,,
PUB_00169,Khmer Stone Sculptures: A Collection Seen from a Material Point of View,Article,https://www.jstor.org/stable/40588564,N,Metropolitan Museum of Art,United States of America,2009,Federico Caro,English,The Metropolitan Museum of Art,,The Metropolitan Museum of Art Bulletin,"Volume 67, Issue 1",,,UNESCO_04,"OBJ_00184, OBJ_00125, SITE_00102, OBJ_00165, OBJ_00123",Museology,PUB_00169,JNL_00086,J86_VOL67_I1,
PUB_00170,"Geotechnical Aspects of the N1 Tower, Prasat Sour Prat, Angkor Thom, Cambodia",Article,https://doi.org/10.4028/www.scientific.net/AMR.133-134.113,N,University of Tokyo,Japan,2010,"Yoshinori Iwasaki, Mitsuharu Fukuda, Koichi Nakagawa, Yasushi Akazawa, Ichita Shimoda, Takeshi Nakagawa",English,Trans Tech Publications,"Angkor, Prasat Sour Prat, dismantling, inclination, masonry tower",Advanced Materials Research,Volume 133-134,,"This paper presents a case study of foundation of an inclined independent masonry tower in Angkor. One of the Prasat Sour Prat towers had been dismantled before reconstruction for conservation. The foundation was inclined as the same as the upper structure of the tower and spreading outwards. The inclination was considered caused by foundation failure with some differential settlements of the ground. During dismantling, the soil layers exposed on the trenched section were found rather horizontal than the inclined state that had been expected. Laterite blocks of step slope stones was found to have slid down along the soil mound of the foundation. The mechanism might have been caused by weakening of soil strength by wetting ground. Without dismantling, the real mechanism of the inclination was never known as well as the corresponding counter measures.",UNESCO_01,SITE_00006,"Geotechnical Engineering, Materials Science, Architecture",PUB_00170,JNL_00001,J1_VOL133,
PUB_00171,"Statistical Time Series Analysis of Crack Movements at Bayon Main Tower, Cambodia",Article,https://doi.org/10.4028/www.scientific.net/AMR.133-134.397,N,Waseda University,Japan,2010,"Shunsuke Yamada, Masato Araya, Mitsuharu Fukuda, Yoshinori Iwasaki",English,Trans Tech Publications,"State-space model, time series analysis, crack movement, masonry, angkor monument",Advanced Materials Research,Volume 133-134,,"Based on the past monitoring data of crack movements and various weather conditions by JASA (Japanese Government Team of Safeguarding Angkor), we quantitatively examine about the effects of each weather conditions to each crack movements at Bayon main tower. Then, we applied the time series analysis using a state-space representation in the examination. In the model of the state-space representation, the factors of crack movement are assumed as temperature, wind velocity and rainfall. Those quantitative examinations of crack movements will be necessary for the planning of reinforcement and restoration at Bayon main tower.",UNESCO_01,SITE_00014,"Geotechnical Engineering, Materials Science, Architecture",PUB_00171,JNL_00001,J1_VOL133,
PUB_00172,Study on Relationship between Elastic Wave Profile and Stones' Condition in Angkor Monument,Article,https://doi.org/10.4028/www.scientific.net/AMR.133-134.697,N,Waseda University,Japan,2010,"Saori Tachino, Shunsuke Yamada, Shigeyoshi Sakurai, Masato Araya, Yoshinori Iwasaki",English,Trans Tech Publications,"Angkor Monument, masonry, elastic wave, deterioration",Advanced Materials Research,Volume 133-134,,"In this paper, we purpose to assess the crack and deterioration level of composed stones in Angkor Monument, Cambodia, by an elastic wave test. The degree of deterioration and crack is generally examined by supersonic wave test, electromagnetic wave test and hardness test. However, the above general methods are difficult to be applied to the stones in Angkor Monument, because there are some problems such as damages on the surface relief and an accuracy of the test results which highly depend on the surface deterioration level. Therefore, in this paper, we suggest the method of an elastic wave test by slightly knocking on the stones. Then, we analyze the elastic wave's profile, such as velocity, amplitude ratio and frequency etc. From the results, we examine about the relationship between the elastic wave profile and existence of crack or deterioration level of stone. The above examinations are applied to assess the structural safety of composed stones in Angkor Monument.",UNESCO_01,,"Geotechnical Engineering, Materials Science, Architecture",PUB_00172,JNL_00001,J1_VOL133,
PUB_00173,Camboya: Los casos de restitucion de Koh Ker,Article,,Y,UNESCO,Cambodia,2018,Kong Vireak,Spanish,UNESCO,,Patrimonio Mundial,Number 87,,,UNESCO_04,,Heritage Science,PUB_00173,JNL_00071,J71_NUMB87,
PUB_00174,"A comprehensive archaeological map of the world's largest preindustrial settlement complex at Angkor, Cambodia",Article,https://doi.org/10.1073/pnas.0702525104,Y,"University of Sydney1, Ecole Francaise d'Extreme-Orient2, National Aeronautics and Space Administration (NASA)3, University of New South Wales Sydney4, University of Queensland5","Australia145, France2, United States of America3",2007,"Damian Evans1, Christophe Pottier2, Roland J Fletcher1, Scott Hensley3, Ian Tapley4, Anthony Milne4, Michael Barbetti5",English,United States National Academy of Sciences,"archaeology, geographic information systems, remote sensing, southeast Asia, urbanism",Proceedings of the National Academy of Sciences,"Volume 104, Issue36",,"The great medieval settlement of Angkor in Cambodia {[}9th-16th centuries Common Era (CE)] has for many years been understood as a ``hydraulic city,{''} an urban complex defined, sustained, and ultimately overwhelmed by a complex water management network. Since the 1980s that view has been disputed, but the debate has remained unresolved because of insufficient data on the landscape beyond the great temples: the broader context of the monumental remains was only partially understood and had not been adequately mapped. Since the 1990s, French, Australian, and Cambodian teams have sought to address this empirical deficit through archaeological mapping projects by using traditional methods such as ground survey in conjunction with advanced radar remote-sensing applications in partnership with the National Aeronautics and Space Administration (NASA)/Jet Propulsion Laboratory (JPL). Here we present a major outcome of that research: a comprehensive archaeological map of greater Angkor, covering nearly 3,000 km(2), prepared by the Greater Angkor Project (GAP). The map reveals a vast, low-density settlement landscape integrated by an elaborate water management network covering > 1,000 km(2), the most extensive urban complex of the preindustrial world. It is now clear that anthropogenic changes to the landscape were both extensive and substantial enough to have created grave challenges to the long-term viability of the settlement.",UNESCO_01,,"Archaeology, Remote Sensing",PUB_00174,JNL_00074,J74_J1_VOL104,
PUB_00175,"Climate as a contributing factor in the demise of Angkor, Cambodia",Article,https://doi.org/10.1073/pnas.0910827107,Y,"Columbia University1, University of Sydney2, Ehime University3, Bidoup Nui Ba National Park4, Chiang Mai University5, Nong Lam University6","United States of America1, Australia2, Japan3, Vietnam46, Thailand5",2010,"Brendan M Buckley1, Kevin J Anchukaitis1, Dan Penny2, Roland J Fletcher2, Edward R Cook1, Masaki Sano3, Le Canh Nam4, Aroonrut Wichienkeeo5, Ton That Minh4, Truong Mai Hong6",English,United States National Academy of Sciences,"collapse, dendrochronology, paleoclimate, El Nino-Southern Oscillation, Palmer Drought Severity Index",Proceedings of the National Academy of Sciences,"Volume 107, Issue15",,"The ""hydraulic city"" of Angkor, the capitol of the Khmer Empire in Cambodia, experienced decades-long drought interspersed with intense monsoons in the fourteenth and fifteenth centuries that, in combination with other factors, contributed to its eventual demise. The climatic evidence comes from a seven-and-a-half century robust hydroclimate reconstruction from tropical southern Vietnamese tree rings. The Angkor droughts were of a duration and severity that would have impacted the sprawling city's water supply and agricultural productivity, while high-magnitude monsoon years damaged its water control infrastructure. Hydroclimate variability for this region is strongly and inversely correlated with tropical Pacific sea surface temperature, indicating that a warm Pacific and El Nino events induce drought at interannual and interdecadal time scales, and that low-frequency variations of tropical Pacific climate can exert significant influence over Southeast Asian climate and society.",UNESCO_01,,"Climatology, Environmental Sciences",PUB_00175,JNL_00074,J74_VOL107,
PUB_00176,Uncovering archaeological landscapes at Angkor using lidar,Article,https://doi.org/10.1073/pnas.1306539110,Y,"University of Sydney1, Ecole Francaise d'Extreme-Orient2, Archaeology and Development Foundation3, APSARA National Authority4, McElhanney Indonesia5, Jagiellonian University6, Institut National de Recherches Archeologiques Preventives7, Hungarian Indochina Company8, World Monuments Fund9","Australia1, France27, United Kingdom3, Cambodia4, Indonesia5, Poland6, Hungary8, United States of America9",2013,"Damian Evans1, Roland J Fletcher1, Christophe Pottier2, Jean-Baptiste Chevance3, Dominique Soutif2, Tan Boun Suy 4, Sokrithy Im4, Darith Ea4, Tina Tin4, Samnang Kim4, Christopher Cromarty5, StÃ©phane De Greef3, Kasper Hanus6, Pierre Baty7, Robert Kuszinger8, Ichita Shimoda4, Glenn Boornazian9",English,United States National Academy of Sciences,"Southeast Asia, urbanism, sustainability, resilience, water management",Proceedings of the National Academy of Sciences,"Volume 110, N31",,"Previous archaeological mapping work on the successive medieval capitals of the Khmer Empire located at Angkor, in northwest Cambodia (∼9th to 15th centuries in the Common Era, C.E.), has identified it as the largest settlement complex of the preindustrial world, and yet crucial areas have remained unmapped, in particular the ceremonial centers and their surroundings, where dense forest obscures the traces of the civilization that typically remain in evidence in surface topography. Here we describe the use of airborne laser scanning (lidar) technology to create high-precision digital elevation models of the ground surface beneath the vegetation cover. We identify an entire, previously undocumented, formally planned urban landscape into which the major temples such as Angkor Wat were integrated. Beyond these newly identified urban landscapes, the lidar data reveal anthropogenic changes to the landscape on a vast scale and lend further weight to an emerging consensus that infrastructural complexity, unsustainable modes of subsistence, and climate variation were crucial factors in the decline of the classical Khmer civilization.","UNESCO_04, UNESCO_01",,"Archaeology, Remote Sensing",PUB_00176,JNL_00074,J74_VOL110,
PUB_00177,World Heritage and WikiLeaks,Article,https://doi.org/10.1086/684643,N,Stanford University,United States of America,2016,Lynn Meskell,English,University of Chicago Press,,Current Anthropology,"Volume 57, Number 1",,"Globalization and world-making projects, like the United Nations Educational, Scientific and Cultural Organization (UNESCO) World Heritage program, have changed the stakes for particular heritage sites. Through processes of greater interdependence and connectivity, specific sites are transformed into transactional commodities with exchange values that transcend their historical or material characteristics and thus can be wrested from those contexts to serve other international interests. To illustrate, I employ evidence from the US diplomatic cables released by WikiLeaks to offer an unprecedented vantage onto one contested archaeological site, Preah Vihear temple in Cambodia. Thrust into the international spotlight with UNESCO World Heritage inscription in 2008, followed by the International Court of Justice rulings, we can trace the site's connectivity across national political intrigues, international border wars, bilateral negotiations surrounding gas and steel contracts, and military alignments. The very fact that so much politicking occurred around one site, and one that was largely invisible in international heritage circles until its controversial UNESCO listing and the resultant border war, is instructive. In essence, what the leaked cables reveal are the linkages between seemingly unrelated spheres and events, thus underscoring the intricate hyperconnectivity of heritage.",UNESCO_02,SITE_00113,Anthropology,PUB_00177,JNL_00025,J25_VOL57_NUMB1,
PUB_00178,How National Narratives Shape the Sovereignty of Nation-States,Article,https://doi.org/10.58112/jil.46-4.4,N,New York University,United States of America,2025,Xuan W Tay,English,University of Pennsylvania Law School,"Overseas Chinese, International-Law, Preah Vihear, Peking Man, Politics, History, Phenomenology, Power, Transnationalism, Diversity",University of Pennsylvania Journal of International Law,"Volume 46, Issue 4",,"This Article{*}{*} is broadly about the relationship between narratives and international legal behavior. It is specifically about the relationship between narratives about the nation-state, and how individuals think about sovereignty. In the main discussion, I introduce a cross-disciplinary theory which brings into view the national narrative's role in shaping sovereignty thinking. To illustrate the narrative theory, I discuss the phenomenon of Chinese diasporic sovereignty, denoting the tendency of some PRC officials to ascribe to the nation-state some measure of sovereignty authority over the overseas Chinese, including non-nationals. I argue Chinese diasporic sovereignty, constituting a departure from norms of territoriality and nationality, is informed by modern narratives of what it means to be ``Chinese.{''} The theory more broadly suggests international law can be viewed as a process driven by actors who are situated, introspective, and shaped by the stories they tell themselves. This bears theoretical and practical lessons, not least for conventional understandings of international legal behavior.",UNESCO_02,SITE_00113,"International Relations, Law",PUB_00198+U176:V176,JNL_00090,J90_VOL46_I4,
PUB_00179,An opinion on issues for future investigation of the water management of Greater Angkor,Article,https://doi.org/10.1002/wat2.1474,N,University of Sydney,Australia,2020,Roland J Fletcher,English,Wiley,"Angkor, climate change, inertia, risk, water management",WIREs Water,"Volume 7, Issue 5",,"The urban complex of Greater Angkor, the capital of the Khmer state from the 9th to the 14th-15th century CE, was a vast, convoluted settlement of rice fields, residential structures, shrines, roadways and water systems. Because the urban landscape was repeatedly remodeled on a massive scale the settlement plan is a complicated palimpsest of additions and remodeling that drastically altered earlier settlement configurations and water management features. Consequently, older settlements and structures in Greater Angkor are either buried or altered by later construction. The purpose of this paper is to offer an opinion about key issues which might be pursued or assessed concerning the development of water management in Angkor. The paper is about opinions because the physical evidence that is currently observable on and in the ground is partial, much is obscured and some is scarcely accessible. Further vigorous inquiry into water network of Greater Angkor is crucial for local cultural history and has serious, global implications for the vulnerability of very large, low-density urban settlements which are confronted by extreme climate instability.",UNESCO_01,,"Environmental Sciences, Ecology, Hidrology",PUB_00179,JNL_00091,J91_VOL7_I5,
PUB_00180,Unique performance of spaceborne SAR remote sensing in cultural heritage applications: Overviews and perspectives,Article,https://doi.org/10.1002/arp.1591,N,"Chinese Academy of Sciences1, Consiglio Nazionale delle Ricerche2","China1, Italy2",2018,"Fulong Chen1, Jiangbin You1, Panpan Tang1, Wei Zhou1, Nicola Masini2, Rosa Lasaponara2",English,Wiley,"Angkor, archaeological prospection, conservation, cultural heritage, D-TomoSAR, MT-InSAR, Niya, risk monitoring, SAR, Silk Road, TomoSAR",Archaeological Prospection," Volume 25, Issue 1",,"To be an innovative remote sensing technology, spaceborne synthetic aperture radar (SAR) is increasingly recognized as an irreplaceable tool in cultural heritage applications, such as archaeological prospection for the discovery of new sites and monument monitoring and management, taking advantage of observation capabilities independent of sun illumination and weather conditions. In this paper, we firstly give a synoptic overview for the state-of-art of spaceborne SAR technology in cultural heritage applications. Then, the unique performance of SAR compared with optical approaches, including subsurface imaging and interferometry, is objectively exploited and assessed using simulations and case studies. Simulations indicated that long wavelength SAR is promising in the detection of relics with an extended geometric dimension, particularly when the performance of tomographic SAR (TomoSAR) in subsurface imaging is optimized. However, case studies proved that interferometic SAR (InSAR) is useful for landscape archaeology by producing digital elevation models as well as for risk monitoring and preventive diagnosis of cultural properties using motion indicators. This study showed the potentialities of spaceborne SAR applications in cultural heritage, with particular reference to TomoSAR and differential TomoSAR (D-TomoSAR).",UNESCO_01,SITE_00030,"Archaeology, Geology",PUB_00180,JNL_00010,J10_VOL25_I1,
PUB_00181,Petrography and Geochemistry of Feldspathic Angkorean Arenites Are Linked to Magnetic Susceptibility and Suggest Different Igneous Sources,Article,https://doi.org/10.1002/gea.70034,Y,University of Munich,Germany,2025,"Fabian Dellefant, Iuliia V Sleptsova, Aaron Bufe, Melanie Kaliwoda",English,Wiley,"Angkor Park, Archaeometry, feldspathic arenite sub-classification, geochemistry, magnetic susceptibility, (magneto-)mineralogy",Geoarchaeology,"Volume 40, Issue 6",,"Magnetic susceptibility of feldspathic arenites in Angkorean temples has been used to interpret distinct quarry sources. However, magnetic properties can be affected by grain sorting and weathering of magnetic minerals, leaving ambiguity in the interpretations. To date, no systematic investigation is available that combines the mineralogy, petrography, and geochemistry of Angkorean building stones with the magnetic susceptibility. Here, we determine the origin of magnetic susceptibility variations via polarization microscopy, Raman spectroscopy, X-ray fluorescence spectroscopy, and rock magnetic experiments. All samples are immature and not significantly affected by chemical and physical alteration. Increasing SiO2 contents (67.59-76.39 wt.\%) correlate with decreasing Al2O3, Fe2O3, MgO, and TiO2 contents and increasing grain sizes (90-220 mu m). Fe-Ti-oxides in all samples include magnetite, martite, hematite, ilmenite, and rutile. This assemblage cannot have formed thermodynamically in one magmatic system, which indicates either a chemical transition in the source pluton or a mixture of at least two granitoid systems. Two distinct groups were identified: Group I (70-73 wt.\% SiO2) is magnetite-dominated, with susceptibility of 2.5-5.2 x 10(-)(3), Group II (73-77 wt.\% SiO2) is hematite-dominated, with susceptibility of 0.4-1.2 x 10(-)(3). These findings demonstrate that magnetic susceptibility can differentiate building stones from Angkorean monuments.",UNESCO_01,"SITE_00068, SITE_00037, SITE_00072, SITE_00028, SITE_00038, SITE_00007, SITE_00010","Archaeology, Geology",PUB_00181,JNL_00033,J33_VOL40_I6,
PUB_00182,Architectural masonry features of Prasat Suor Prat: Study on architectural techniques used in the Prasat Suor Prat towers in Angkor,Article,https://doi.org/10.1002/2475-8876.12063,Y,Waseda University,Japan,2019,"Yasushi Akazawa, Takeshi Nakagawa, Akinori Mizoguchi",English,Wiley,"Angkor, Prasat Suor Prat, laterite blocks, selection of building materials, Koh Ker",Japan Architectural Review,"Volume 2, Issue 1",,"The Prasat Sour Prat towers (hereafter PSP) were built just in front of the Royal Palace and Royal Plaza in Angkor Thom. This location is very important. However, despite the significance of the location, a laterite block was used as the primary building material of PSP. This study aims to understand why PSP was built with laterite blocks, and speculates on the relationship between the method of construction of PSP and the period in which it was constructed. Additionally, by comparing them with laterite structures of a Koh Ker ruin, the features of PSP are better understood. Understanding the motive behind using laterite is a key aspect that will help in understanding why PSP masonry methods have some distinctive features. The processing and masonry techniques of PSP indicate that its features were obtained via rapid construction.",UNESCO_01,SITE_00006,Architecture,PUB_00182,JNL_00049,J49_VOL2_I1,
PUB_00183,Relationship between drainage capacity and foundation settlement at Pre Rup Temple: Basic study on Khmer architecture drainage systems Part 1,Article,https://doi.org/10.1002/2475-8876.12251,Y,Nihon University,Japan,2022,"Yoko Kojima, Kousei Mikami, Hiroyoshi Shiokawa, Yutaka Shigeeda, Hiroki Agatsuma",English,Wiley,"Angkor, drainage capacity, drainage systems, foundation settlement, Pre Rup",Japan Architectural Review,"Volume 2, Issue 2",,"In the ancient city of Angkor, heavy rainfall was common in the rainy season and rapid rainwater drainage was important for maintaining urban functions. This study focuses on the drainage system of an example of Khmer architecture from the Angkor period, the Pre Rup temple built in the year 961. We analyze the relationship between the drainage capacity and foundation settlement, revealing that the foundation settlement was larger near drainage channels with a low drainage capacity. After showing that only a few of the drainage channels function properly, it is possible to have some certainty on the relationship between the drainage capacity and foundation settlement.",UNESCO_01,SITE_00075,Architecture,PUB_00183,JNL_00049,J49_VOL2_I2,
PUB_00184,Spatial Configurations of Water Management at an Early Angkorian Capital - Combining GPR and TerraSAR-X Data to Complement an Archaeological Map,Article,https://doi.org/10.1002/arp.1502,N,Leiden University,Netherlands,2015,Till Frieder Sonnemann,English,Wiley,"Angkor, Hariharalaya, water management, GPR, TerraSAR-X, mapping",Archaeological Prospection," Volume 22, Issue 2",,"Hariharalaya was a medieval political centre of the eighth-ninth century ce, located on the northern shore of Lake Tonle Sap in Cambodia. Mapped in detail in the 1990s by means of aerial photographs and ground surveys, more recently ground-penetrating radar (GPR) and high-resolution satellite synthetic aperture radar (SAR) were applied to further interpret this complex archaeological landscape. In combination with remote sensing imagery, the two radiofrequency-based imaging techniques were used to complement the existing archaeological maps. The area housed an extensive low-density urban complex of earthen mounds and ponds, approximately 5x5km square and centring on the Bakong, an early Angkorian state temple, crossed and encircled by a mostly disconnected water-management network of embankments and canals. Extensive GPR surveys, conducted predominantly on the existing small roads and paths criss-crossing the landscape, appraise the visible archaeological features with subsurface information. The analysis verifies the existence of channels and embankments, complementing the information with depth and width. The identification of additional, now desiccated, canals and river channels assisted in connecting a number of already mapped archaeological features, and helped to distinguish possible later additions, thereby untangling the water-management network. Spotlight TerrSAR-X satellite data together with satellite images of the visual spectrum complemented the analysis, by providing information about water saturation in areas inaccessible to ground surveys, marking out palaeochannels and providing clues about the landscape before development took place. This three-dimensional interpretation informs on the functioning of this particular early Angkorian hydraulic system, adding to the understanding of water management in medieval Southeast Asia. Copyright (c) 2015 John Wiley and Sons, Ltd.",UNESCO_01,SITE_00022,"Archaeology, Geology",PUB_00184,JNL_00010,J10_VOL22_I2,
PUB_00185,Historical study on basic structure of Khmer ancient Isanapura,Thesis,,Y,Waseda University,Japan,2015,Chhum Menghong,English,,,,,,,UNESCO_03,,"Archaeology, Geochemistry, Archaeometry, Urban History",.,,,
PUB_00186,Imaging the Waters of Angkor: A Method for Semi-Automated Pond Extraction from LiDAR Data,Article,https://doi.org/10.1002/arp.1530,N,"Adam Mickiewicz University1, University of Sydney2","Poland1, Australia2",2016,"Kasper Hanus1, Damian Evans2",English,Wiley,"Angkor, southeast Asia, water management, aerial remote sensing, semi-automatic feature extraction",Archaeological Prospection," Volume 22, Issue 3",,"This article presents new archaeological data concerning the Greater Angkor region, home to successive capitals of the medieval Khmer Empire from the ninth to fifteenth centuries AD. Angkor is recognized as one of the most extensive low-density urban complexes of the pre-industrial world. One of the most striking features in the landscape of Angkor is the enormous assemblage of hydraulic infrastructure, including two artificial reservoirs each covering around 15 km(2). However, in parallel to this massive, state-level system of water management, we also see evidence at Angkor of a smaller-scale system of household or community ponds in the urban core. These were described by the Chinese envoy Zhou Daguan, who visited Angkor in the late thirteenth century AD. His account includes the important information that each cistern was used by one to three families. The validity of this historical account can now be assessed using a precise map of the archaeological landscape that was created in 2012 using airborne laser scanning ('ALS' or `LiDAR', light detection and ranging). The LiDAR data allow us to arrive at new insights into the demography of medieval Angkor. Using an algorithm for semi-automatic pond detection in the ALS-derived data it was possible to map over three thousand cisterns and from this to make inferences about population density in central Angkor. Copyright (C) 2015 John Wiley and Sons, Ltd.",UNESCO_01,,"Archaeology, Geology",PUB_00186,JNL_00010,J10_VOL22_I3,
PUB_00187,"Symbolic, Experiential and Functional Consumptions of Heritage Tourism Destinations: The Case of Angkor World Heritage Site, Cambodia",Article,https://doi.org/10.1002/jtr.2077,N,"National Cheng Kung University1, Edinburgh Napier University2, Royal University of Phnom Penh3","Taiwan1, United Kingdom2, Cambodia3",2016,"Ching-Fu Chen1, Anna Leask2, Sambath Phou3",English,Wiley,"symbolic consumption, experiential consumption, functional consumption, heritage tourism",International Journal of Tourism Research,"Volume 18, Issue 6",,"This study empirically investigates the effects of three destination consumptions (namely symbolic, experiential and functional) on tourists' destination attachment and satisfaction, and further on destination loyalty at a heritage tourism destinations. Using a sample of 512 international tourists visiting Angkor, Cambodia, results reveal that all three types of consumptions have significantly positive effects on destination attachment and satisfaction, which in turn positively affect destination loyalty. However, the effects of symbolic consumption and experiential consumption are greater than that of functional consumption. The results also support the importance of the role of destination attachment in the quality-satisfaction-loyalty relationship. Copyright (c) 2016 John Wiley and Sons, Ltd.",UNESCO_01,SITE_00030,"Economics, Economics",PUB_00187,JNL_00048,J48_VOL18_I6,
PUB_00188,"Using ground penetrating radar to understand the failure of the Koh Ker Reservoir, Northern Cambodia ",Article,https://doi.org/10.1002/gea.21757,N,"Flinders University1, University of British Columbia2, Ecole Francaise d'Extreme-Orient3, Independent Researcher4, ","Australia14, Canada2, France3",2019,"Ian Moffat1, Sarah Klassen2, Tiago Attorre1, Damian Evans3, Terry Lustig4, Leaksmy Kong3",English,Wiley,"Cambodia, ground penetrating radar, Koh Ker",Geoarchaeology,Volume 35,,"Ground penetrating radar, probing, and excavation were used to create a contour map of the topography of a buried laterite pavement forming the spillway of a large abandoned reservoir at the Angkorian-period city of Koh Ker in Cambodia. Calculations of the flow velocity of water through the spillway, based on the topography of the laterite surface, demonstrate that this outlet was even less adequate for passing the flow of water from the Stung Rongea catchment than had been estimated previously by Lustig, Klassen, Evans, French, and Moffat (2018). We argue that this design flaw contributed substantially to the failure of the reservoir’s dike, possibly during the first rainy season after construction, which may have contributed to Koh Ker’s remarkably short-lived tenure as the political center of the Khmer Empire.",UNESCO_04,,"Geology, Remote Sensing",PUB_00188,JNL_00033,J33_VOL35,
PUB_00189,Contrasting weathering and climate regimes in forested and cleared sandstone temples of the Angkor region,Article,https://doi.org/10.1002/esp.2265,N,"Blaise Pascal University1, APSARA National Authority2","France1, Cambodia2",2011,"Marie-FranÃ§oise AndrÃ©1, Olivier Voldoire1, Erwan Roussel1, Franck Vautier1, Bruno Phalip1, Hang Peou2",English,Wiley,"sandstone weathering, cultural heritage deterioration, Angkor temples, microclimate, bioprotection, forest cover",Earth Surface Processes and Landforms,Volume 37,,"Comparative assessment of stone weathering intensities and bioclimatic conditions was conducted at four temples located in cleared and forested sites of the Angkor Park, based on similar protocols. Four thousand sculpted lotus petals carved in the same grey sandstone were categorized by using two customized scales of weathering intensity, and climate monitoring was conducted from December 2008 to November 2009. Whereas 70% of the sandstone lotus petals are almost completely destroyed by mechanical weathering in cleared areas, 74% of petals located in forested environments appear to be totally free of mechanical weathering and are only affected by superficial biochemical weathering. Ambient conditions are also contrasting, with the magnitude of the diurnal surface temperature and relative humidity ranges being three times higher at cleared sites than in wooded areas. As wetting–drying cycles are the driving force of sandstone decay at Angkor, causal links are suggested between weathering and climate regimes. In wooded areas, the microclimate is buffered by the forest and the associated lithobionts, which maintain constant humidity levels, reduce thermal stresses at the stone surface and induce a slow biochemical weathering regime. In cleared areas, direct exposure to sunshine and monsoon rains induces pronounced wetting–drying cycles conducive to swelling–shrinking movements and other potential processes, provoking the rapid mechanical decay of the sandstone. Even if local damage can be caused by tree roots, the forest cover and the associated lithobionts obviously play an overall protective role. Additionally, microtopographical factors related to architectural designs and post-building events probably explain intra-site and between site minor differences in the amount of sandstone decay, by influencing key factors such as the water residence time at the stone surface. Last, the contrasting weathering regimes in forested and cleared sites are but a trend, for besides overwhelming mechanical weathering, chemical weathering is also operative at cleared sites, as indicated by salt efflorescences and ferric oxidation.",UNESCO_01,,"Geography, Geology",PUB_00189,JNL_00026,J26_VOL37,
PUB_00190,"Characterization of an unusual black patina on the Neang Khmau temple (archaeological Khmer area, Cambodia): a multidisciplinary approach",Article,https://doi.org/10.1002/jrs.4969,N,"Roma Tre University1, APSARA National Authority2","Italy1, Cambodia2",2016,"Annalaura Casanova Municchia1, Flavia Bartoli1, Simone Bernardini1, Giulia Caneva1, Giancarlo Della Ventura1, Maria Antonietta Ricci1, Tan Boun Suy2, Armida Sodo1",English,Wiley,"patina, stone deterioration, archaeological site, manganese oxides, laterite",Journal of Raman Spectroscopy,Volume 47,,"In the archaeological Khmer complex (Cambodia), an unusual black patina covering both the exterior and interior walls of the Neang Khmau temple, has been observed during a recent conservative survey. In fact, it is present over all the four facades of the temple, covers a relevant part of the vertical surfaces protected from rainfall and is also homogeneously distributed on the interior of the monument. The upper and the lower areas show, on the contrary, a relevant lichen growth. The temple was built by using laterite bricks, a natural material common in tropical areas as a weathering product of pre-existing rocks. A preliminary investigation on the patina samples together with ecological considerations excluded a biological origin of the black alteration, thus prompting a more detailed study. In this work, we have investigated the physico-chemical origin of this unusual patina by identifying its mineralogical and chemical composition. Raman and FTIR spectroscopies, SEM-EDS, micro-XRF and XRPD have been applied to characterize the alteration products. Analyses have been performed both on single fragments and on polished cross sections collected from all four temple facades and from one area in the temple interior. Optical observations of the cross sections have evidenced irregularities in the thickness of the patina. Raman and FTIR spectra have revealed that the black layers are mainly composed of manganese minerals (hollandite, romanechite and manganite). This peculiar alteration pattern is interpreted as because of the tropical climatic conditions of Cambodia. Indeed the variation of wet and dry seasons favours the migration of iron and manganese ions and their successive immobilization in regions not directly subject to leaching.",UNESCO_04,SITE_00107,"Microbiology, Geochemistry, Conservation Science",PUB_00190,JNL_00060,J60_VOL47,
PUB_00191,Towards a Quantitative Petrographic Database of Khmer Stone Materials-Koh Ker Style Sculpture,Article,https://doi.org/10.1111/j.1475-4754.2009.00475.x,N,"Metropolitan Museum of Art1, APSARA National Authority2","United States of America1, Cambodia2",2010,"Federico Caro1, Sokrithy Im2",English,Wiley,"Sandstone, Petrography, Provenance, Cambodia, Sculpture, Point counting",Archaeometry,Volume 52,,"A comprehensive quantitative petrographic database of sandstones used by the Khmers for sculptural purposes would be a helpful tool for archaeologists, museum curators and others interested in pursuing research on early stone usage, geological source and provenance. Towards that end, this paper presents quantitative petrographic analysis of stone materials used in the production of some free-standing sculptures and architectural elements in the Koh Ker style of the 10th century from the collections of the National Museum of Cambodia and The Metropolitan Museum of Art. These materials are compared to samples from the quarry of Thmâ Anlong near the foothills of the Phnom Kulen, Sieam Reap province. Primary and secondary detrital modes and key grain-size parameters are used to identify three sandstone types. The free-standing sculptures are carved from feldspathic arenite and feldspato-lithic to litho-feldspathic arenite. Finely carved lintels are worked from a quartz arenite, which is significantly richer in quartz grains and of a finer grain size. The geological source of the two other lithotypes will have to await detailed geological survey of the Koh Ker area accompanied by petrographic study of selected samples from documented quarries. The significance and potentiality of quantitative petrographic study of Khmer stone materials are shown in supporting and integrating archaeological investigations in South-East Asia.",UNESCO_04,"OBJ_00183,  SITE_00094, SITE_00104, SITE_00081","Geochemistry, Archaeometry, Archaeology",PUB_00191,JNL_00013,J13_VOL52,
PUB_00192,Provenance Of The Sandstone Used In The Construction Of The Khmer Monuments In Thailand,Article,https://doi.org/10.1111/j.1475-4754.2009.00505.x,N,Waseda University,Japan,2010,"Etsuo Uchida, Keisuke Ito, N Shimizu",English,Wiley,"Khmer Monuments, Angkor Monuments, Sandstone, Provenance, Thailand",Archaeometry,"Volume 52, Issue 4",,"We investigated the sandstone used in the construction of the Khmer monuments situated upon and around the Khorat Plateau in north-east Thailand in order to clarify the provenance. The sandstones of the 22 investigated Khmer monuments can be classified into three groups. The sandstone of Group 1 is lithic and is derived mainly from the Khok Kruat Formation. This group includes the sandstone used at Phimai, Phnom Wan, Muang Khaek etc. The sandstone of Group 2 is siliceous and can be subdivided into three further groups. The sandstone of Group 2 is considered to have been derived from the Phu Phan, Phra Wihan or Sao Khua Formations. The sandstone used at Muang Tam, Phnom Rung, Sdok Kok Thom, Preah Vihear (Khao Phra Wihan), Narai Jaeng Waeng etc. belongs to Group 2. The sandstone of Group 3 is feldspathic and is correlated with the grey to yellowish-brown sandstone that is commonly used in the Angkor monuments in Cambodia. This sandstone is used at Wat Phu and Hong Nang Sida in Laos. The above results reveal that the choice of sandstone used for the Khmer monuments, including the Angkor monuments, was dictated by the surrounding geology.",UNESCO_02,SITE_00113,"Archaeology, Chemistry, Geology",PUB_00192,JNL_00013,J13_VOL52_I4,
PUB_00193,To Belong or Not to Belong. Affective Self-Nationalization in Thailand,Article,https://doi.org/10.1111/pops.12617,N,University of Gothenburg,Sweden,2020,Katrina Gaber,English,Wiley,"affect, belonging, emotion, Khao Phra Wihan/Preah Vihear, socialization, Thailand",Political Psychology,"Volume 41, Issue 2",,"Through analyzing conflict narratives regarding Khao Phra Wihan, a territorial conflict important for nationalists in Thailand, this article aims to detangle how nationalization is experienced and performed on an individual level. In this article, the concept ``affective self-nationalization{''} is proposed to analyze the emotional and embodied practices through which individuals fashion themselves into nationalized subjects. In Thailand, self-nationalization is instigated by the governing agency through repeated, regular, mandatory, public performances of loyalty through which individuals create the nation collectively. These performances create automatic feelings to the nation, establishes national others as fearsome, and rule through the basic human need of belonging. At the same time, individuals' emotions shape the society through how they decide to perform nationalization. The concept of ``affective self-nationalization{''} captures the connections between the official nationalizing program of ``outside{''} society in a form of nationalist emotional socialization with individual experience of nationalizing.",UNESCO_02,SITE_00113,"International Relations, Psychology",PUB_00193,JNL_00073,J73_VOL41_I2,
PUB_00194,Radar interferometry offers new insights into threats to the Angkor site,Article,https://doi.org/10.1126/sciadv.1601284,Y,"Chinese Academy of Sciences1, University of Hong Kong2, Apsara3","China12, Cambodia",2017,"0000-0003-1144-0004Fulong Chen1, Huadong Guo1, https://orcid.org/0000-0002-1457-5388Peifeng Ma2, Hui Lin2, https://orcid.org/0000-0003-0864-7661Cheng Wang1, https://orcid.org/0000-0001-9936-3917Natarajan Ishwaran1, https://orcid.org/0000-0001-7055-9895Peou Hang3",English,American Association for the Advancement of Science,,Science Advances,"Volume 3, Issue 3",,"The conservation of World Heritage is critical to the cultural and social sustainability of regions and nations. Risk monitoring and preventive diagnosis of threats to heritage sites in any given ecosystem are a complex and challenging task. Taking advantage of the performance of Earth Observation technologies, we measured the impacts of hitherto imperceptible and poorly understood factors of groundwater and temperature variations on the monuments in the Angkor World Heritage site (400 km2). We developed a two-scale synthetic aperture radar interferometry (InSAR) approach. We describe spatial-temporal displacements (at millimeter-level accuracy), as measured by high-resolution TerraSAR/TanDEM-X satellite images, to provide a new solution to resolve the current controversy surrounding the potential structural collapse of monuments in Angkor. Multidisciplinary analysis in conjunction with a deterioration kinetics model offers new insights into the causes that trigger the potential decline of Angkor monuments. Our results show that pumping groundwater for residential and touristic establishments did not threaten the sustainability of monuments during 2011 to 2013; however, seasonal variations of the groundwater table and the thermodynamics of stone materials are factors that could trigger and/or aggravate the deterioration of monuments. These factors amplify known impacts of chemical weathering and biological alteration of temple materials. The InSAR solution reported in this study could have implications for monitoring and sustainable conservation of monuments in World Heritage sites elsewhere.",UNESCO_01,"SITE_00014, SITE_00030, SITE_00022, SITE_00055",Remote Sensing,PUB_00194,JNL_00095,J95_VOL3_I3,
PUB_00195,"Dismantling and Reconstitution of Prasat Suor Prat, Angkor Thom, Cambodia",Article,https://doi.org/10.23968/2500-0055-2016-1-1-10-18,Y,"Yoshinori Iwasaki, Mitsuharu Fukuda, Yasushi Akazawa, Junichi Nakazawa, Koichi Nakagawa, Ichita Shimoda, Takeshi Nakagawa",Japan,2019,"Yoshinori Iwasaki, Mitsuharu Fukuda, Yasushi Akazawa, Junichi Nakazawa, Koichi Nakagawa, Ichita Shimoda, Takeshi Nakagawa",English,Saint Petersburg State University of Architecture and Civil Engineering,,Architecture and Engineering,"Prasat Suor Prat, Angkor, dismantling of heritage structure, inclination, foundation spreading",,,UNESCO_01,"SITE_00006, ","Architecture, Geotechnical Engineering",PUB_00195,JNL_00096,J96_VOL1_I1,
PUB_00196,Urbanism and Residential Patterning in Angkor,Article,https://doi.org/10.1080/00934690.2018.1503034,N,"Oregon University, University of Hawaii, APSARA, Ecole",,2018,"Alison CarterORCID Icon ,Piphal HengORCID Icon ,Miriam StarkORCID Icon ,Rachna ChhayORCID Icon &Damian EvansORCID Icon",English,Taylor and Francis,"AngkorCambodia,urbanism,LiDAR,community planning",Journal of Field Archaeology,"Volume 43, Issue 6",,"The Khmer Empire (9th–15th centuries a.d.), centered on the Greater Angkor region, was the most extensive political entity in the history of mainland Southeast Asia. Stone temples constructed by Angkorian kings and elites were widely assumed to have been loci of ritual as well as habitation, though the latter has been poorly documented archaeologically. In this paper, we present the results of two field seasons of excavation at the temple site of Ta Prohm. Using LiDAR data to focus our excavations, we offer evidence for residential occupation within the temple enclosure from before the 11th century a.d. until the 14th century. A comparison with previous work exploring habitation areas within the Angkor Wat temple enclosure highlights similarities and differences between the two temples. We argue that temple habitation was a key component of the Angkorian urban system and that investigating this unique form of urbanism expands current comparative research on the diversity of ancient cities.",UNESCO_01,"SITE_00038, SITE_00030","Archaeology, Urban History, Remote Sensing",PUB_00196,,,
PUB_00197,The Khmer did not live by rice alone: Archaeobotanical investigations at Angkor Wat and Ta Prohm,Article,https://doi.org/10.1016/j.ara.2020.100213,N,"aUniversity College London, bUniversity of Oregon, cAPSARA National Authority, dNorthern Illinois University, eSchool of Archaeology and Museology, fUniversity of Hawai'i at Manoa","UK, US, Camboja, China, ",2020,"Cristina Cobo Castillo a, Alison Carter b, Eleanor Kingwell-Banham a, Yijie Zhuang a, Alison Weisskopf a, Rachna Chhay c, Piphal Heng d f, Dorian Q. Fuller a e, Miriam Stark f",English,Elsevier,Inscriptions; Household gardens; Non-elites; Economic crops; Rice; Cotton,Archaeological Research in Asia,Volume 24,,"The Angkorian Empire was at its peak from the 10th to 13th centuries CE. It wielded great influence across mainland Southeast Asia and is now one of the most archaeologically visible polities due to its expansive religious building works. This paper presents archaeobotanical evidence from two of the most renowned Angkorian temples largely associated with kings and elites, Angkor Wat and Ta Prohm. But it focuses on the people that dwelt within the temple enclosures, some of whom were involved in the daily functions of the temple. Archaeological work indicates that temple enclosures were areas of habitation within the Angkorian urban core and the temples and their enclosures were ritual, political, social, and economic landscapes. This paper provides the first attempt to reconstruct some aspects of the lives of the non-elites living within the temple enclosures by examining the archaeobotanical evidence, both macroremains and phytoliths, from residential contexts and data derived from inscriptions and Zhou Daguan's historical account dating to the 13th century CE. Research indicates that plants found within the temple enclosure of Ta Prohm and Angkor Wat were grown for ritual or medicinal use, and also formed important components of the diet and household economy.",UNESCO_01,SITE_00038,"Archaeology, Botany",PUB_00197,,,
PUB_00198,Religious concept in the layout of the ancient Khmer city of Koh Ker,Article,,Y,Waseda University,Japan,2012,"Ichita Shimoda, Katsura Sato",English,APSARA National Authority,,Udaya Journal of Khmer Studies,Number 10,,,UNESCO_04,"SITE_00081, SITE_00082, SITE_00084, SITE_00085, SITE_00087,SITE_00088","Religious Studies, Archaeology, Architecture",PUB_00198,JNL_00089+U176:V176,J89_N10,
PUB_00199,The Master Plan for the Conservation & Restoration of the Bayon Complex,Report,,Y,Waseda University,Japan,2005,Takeshi Nakagawa,English,Japan International Cooperation Center (JICE),,,,,,UNESCO_01,SITE_00014,"Archaeology, Geology, Architecture, Conservation Studies,  Geochemistry",PUB_00199,,,
PUB_00200,Contour Scaling: the disfiguring disease of Angkor Wat reliefs,Article,https://doi.org/10.1111/1468-0033.00370,N,University of Cologne,Germany,2018,Hans Leisen,English,Taylor and Francis,,Museum International,"Volume 54, Issue 1",,,UNESCO_01,Angkor Wat,"Conservation Science, Materials Science, Chemistry, Art",PUB_00200,,,
PUB_00201,On the Polychromy of Angkor Vat Results of Initial Paint Color Investigations,Report,,Y,University of Cologne,Germany,2001,"Arndt Kiesewetter, Hans Leisen, Esther Plehwe v. Leisen",English,Udaya,,,,,,UNESCO_01,Angkor Wat,"Conservation Science, Chemistry, Art",PUB_00201,,,
PUB_00202,"Towards a landscape archaeology of Koh Ker: methods, issues and recent research",Report,,N,Ecole,France,2009,Damian Evans,English,UNESCO,,,,,,UNESCO_04,,,PUB_00202,,,
PUB_00203,JAYA Koh Ker Project: project information and report for the 16th plenary session of ICC,Report,,Y,Royal Angkor Foundation ,Hungary,2009,János Jelen ,English,UNESCO,,,,,,UNESCO_04,,,PUB_00203,,,
PUB_00204,TA KEO Project: Setting up of climate monitoring devices and future research perspectives ,Report,,Y,Blaise Pascal University,France,2009,"Marie-Françoise ANDRÉ, Olivier VOLDOIRE, Franck VAUTIER",English,UNESCO,,,,,,UNESCO_01,Ta Keo,,PUB_00204,,,
PUB_00205,Greater Angkor Project 2002 – 2005 Preliminary Reports Series,Report,,Y,"University of Sydney, APSARA","Australia, Cambodia",2005,Chhay Visoth and Mitch Hendrickson,English,,,,,,,UNESCO_01,,,PUB_00205,,,
PUB_00206,Redefining Angkor: Structure and Environment in the Largest Low Density Urban Complex of the Pre-Industrial World,Report,,Y,University of Sydney,Australia,2003,Roland Fletcher,English,Udaya,,,,,,UNESCO_01,,,PUB_00206,,,
PUB_00207,Angkor Inscriptions Survey Report 2011,Report,,Y,University of Bonn,Germany,2011,AUTH_THMAXW,English,UNESCO,,,,,,UNESCO_01,"Prasat Kravan, Neang Khmau, Banteay Chmar",,PUB_00207,,,
PUB_00208,Department of Land Planning and Habitat Management in the Angkor Park  (DATGHA) Projects Progress Report,Report,,Y,Apsara,Cambodia,2011,Apsara,English,UNESCO,,,,,,,,,PUB_00208,,,
PUB_00209,Ta Prohm Temple,Article,,Y,UNESCO,Cambodia,2013,Singh Sood,English,UNESCO,,World Heritage,Number 68,,,UNESCO_04,Ta Phrom,,PUB_00209,,,
PUB_00210,Conservation  and  restoration  of  the Hall  of  Dancers  and  new  discoveries,Report,,Y,Archaeological  Survey of India,India,2012,Singh Sood,English,UNESCO,,,,,,UNESCO_01,Ta Phrom,,PUB_00210,,,
PUB_00211,ICC Activity Report 2005,Report,,Y,Apsara,Cambodia,2005,Azedine Beschaouch,English,UNESCO,,,,,,UNESCO_01,,,PUB_00211,,,
PUB_00212,Airborne laser scanning as a method for exploring long-term socio-ecological dynamics in Cambodia,Article,,Y,Ecole,France,2016,Damian Evans,English,Elsevier,Landscape archaeology; Remote sensing; Airborne laser scanning; Southeast Asia; Angkor,Journal of Archaeological Science,Vol 74,,"Early Khmer societies developed extensive settlement complexes that were largely made of non-durable materials. These fragile urban areas perished many centuries ago, and thus a century and a half of scholarly research has focussed on the more durable components of Khmer culture, in particular the famous temples and the texts and works of art that are normally found within them. In recent years however there has been a considerable effort to broaden the perspective beyond conventional approaches to Khmer history and archaeology. Remarkable advances have been made in the domain of remote sensing and archaeological mapping, including the application of advanced geospatial techniques such as airborne laser scanning within studies of heritage landscapes at Angkor and beyond. This article describes the most recent applications of the technology in Cambodia, including the results of a newly-completed campaign of airborne laser scanning in 2015—the most extensive acquisition ever undertaken by an archaeological project—and underscores the importance of using these methods as part of a problem-oriented research program that speaks to broader issues within history and archaeology.","UNESCO_01, UNESCO_03","Angkor Wat, Beng Mealea, Preah Khan of Angkor, Ta Prohm, Banteay Chhmar, Prasat Sambor","Remote Sensing, Urban, History",PUB_00212,,,
PUB_00213,"Temple occupation and the tempo of collapse at Angkor Wat, Cambodia",Article,https://doi.org/10.1073/pnas.1821879116,Y,"University of Hawai, University of Oregon",United States of America,2019,"Miriam Stark, Alison Kyra Carter, ",English,PNAS,archaeology | collapse | Angkor | Cambodia | Angkor Wat,Proceedings of the National Academy of Sciences,Vol. 116 | No. 25,,"The 9th–15th century Angkorian state was Southeast Asia’s greatest premodern empire and Angkor Wat in the World Heritage site of Angkor is one of its largest religious monuments. Here we use excavation and chronometric data from three field seasons at Angkor Wat to understand the decline and reorganization of the Angkorian Empire, which was a more protracted and complex process than historians imagined. Excavation data and Bayesian modeling on a corpus of 16 radiocarbon dates in particular demand a revised chronology for the Angkor Wat landscape. It was initially in use from the 11th century CE with subsequent habitation until the 13th century CE. Following this period, there is a gap in our dates, which we hypothesize signifies a change in the use of the occupation mounds during this period. However, Angkor Wat was never completely abandoned, as the dates suggest that the mounds were in use again in the late 14th–early 15th centuries until the 17th or 18th centuries CE. This break in dates points toward a reorganization of Angkor Wat’s enclosure space, but not during the historically recorded 15th century collapse. Our excavation data are consistent with multiple lines of evidence demonstrating the region’s continued ideological importance and residential use, even after the collapse and shift southward of the polity’s capital. We argue that fine-grained chronological analysis is critical to building local historical sequences and illustrate how such granularity adds nuance to how we interpret the tempo of organizational change before, during, and after the decline of Angkor.",UNESCO_01,Angkor Wat,"Archaeology, Geochemistry, Remote Sensing",PUB_00213,,,
PUB_00214,The Living Angkor Road Project: Connectivity within Ancient Mainland Southeast Asia,Article,,Y,"APSARA, Chulachomklao Royal Military Academy,","Cambodia, Thailand",2015,Im Sokrithy and Surat Lertlum,English,Kyoto University,,Center for Southeast Studies,N 71,,,UNESCO_01,,"Remote Sensing, Archaeometry, Achaeology",PUB_00214,,,
PUB_00215,ICC-Angkor: 20 years of international cooperation for conservation and sustainable development,Report,,Y,UNESCO,Cambodia,2013,Azedine Beschaouch,English,UNESCO,,,,,,"UNESCO_01, UNESCO_02, UNESCO_03, UNESCO_04",,,PUB_00215,,,
PUB_00216,"Conservation of external stuccoes and brick surfaces, Preah Ko Sanctuary, Roluos",Report,,N,Royal Angkor Foundation ,Hungary,1994,János Jelen ,English,UNESCO,,,,,,UNESCO_01,Preah Ko,,PUB_00216,,,
PUB_00217,A New Khmer and Sanskrit Inscription at Banteay Chmar,Report,,Y,University of Bonn,Germany,2009,Thomas Maxwell,English,Udaya,,,,,,UNESCO_01,Banteay Chmar,,PUB_00217,,,
PUB_00218,Geographical Survey of Sambor Prei Kuk,Article,,Y,Waseda University,Japan,2018,Sumiko KUBO and Naoko NAGUMO,English,Waseda University Repository,,Academic Studies and Scientific Research,N 66,,,UNESCO_03,"Prasat Sambor, Prasat Yeai Poeun, and Prasat Tao,  Prasat Andet ","Remote Sensing, Geography, History",PUB_00218,,,
PUB_00219,Conservation and Restoration of the Northern Ancient Staircase Preah Vihear Temple (Phases I-IV: 2018-2024),Report,,Y,National Authority for Preah Vihear,Cambodia,2023,KONG Puthikar,English,National Authority for Preah Vihear,,,,,,UNESCO_02,Preah Vihear,,PUB_00219,,,
PUB_00220,Damage to the World Heritage Site of Preah Vihear Temple Caused by the Armed Conflicts,Report,,Y,National Authority for Preah Vihear,Cambodia,2025,National Authority for Preah Vihear,English,National Authority for Preah Vihear,,,,,,UNESCO_02,Preah Vihear,,PUB_00220,,,
PUB_00221,Restoration and Rebirth,Report,,Y,Efeo,France,2026,Éric Bourdonneau,English,Efeo,,,,,,UNESCO_04,Prasat Thom Prang,,PUB_00221,,,
